novel_id,scene_n,nudity_score,nudity_label,is_erotic,word_count,char_n,char_mean,char_std,char_median,char_iqr,char_range,char_min,char_max,amb_n,amb_mean,amb_std,amb_median,amb_iqr,amb_range
Cowboy_Be_Mine_TEXAS,1,1,weak,1,702,4,2.75,0.5,3.0,0.25,1.0,2.0,3.0,0,,,,,
Cowboy_Be_Mine_TEXAS,2,1,weak,1,480,5,3.0,0.0,3.0,0.0,0.0,3.0,3.0,0,,,,,
Cowboy_Be_Mine_TEXAS,3,0,absent,0,1325,11,3.0454545454545454,0.35032452487268534,3.0,0.0,1.5,2.5,4.0,2,2.0,1.4142135623730951,2.0,1.0,2.0
Cowboy_Be_Mine_TEXAS,4,0,absent,0,635,0,,,,,,,,2,4.0,0.0,4.0,0.0,0.0
Cowboy_Be_Mine_TEXAS,5,1,weak,1,464,3,3.6666666666666665,0.5773502691896258,4.0,0.5,1.0,3.0,4.0,1,,,,,
Cowboy_Be_Mine_TEXAS,6,1,weak,1,1444,12,3.0416666666666665,0.8106768589869638,3.0,0.25,3.0,1.0,4.0,0,,,,,
Cowboy_Be_Mine_TEXAS,7,1,weak,1,1860,22,3.1136363636363638,0.6888883070332226,3.0,0.375,3.0,1.0,4.0,1,,,,,
Cowboy_Be_Mine_TEXAS,8,0,absent,0,895,7,2.857142857142857,0.37796447300922725,3.0,0.0,1.0,2.0,3.0,1,,,,,
Cowboy_Be_Mine_TEXAS,9,0,absent,0,1466,18,3.3333333333333335,0.7859052479933757,3.0,0.875,3.0,2.0,5.0,1,,,,,
Cowboy_Be_Mine_TEXAS,10,1,weak,1,720,3,3.0,0.0,3.0,0.0,0.0,3.0,3.0,1,,,,,
Cowboy_Be_Mine_TEXAS,11,0,absent,0,615,2,3.0,0.0,3.0,0.0,0.0,3.0,3.0,0,,,,,
Cowboy_Be_Mine_TEXAS,12,0,absent,0,533,1,,,,,,,,1,,,,,
Cowboy_Be_Mine_TEXAS,13,0,absent,0,916,9,2.888888888888889,0.33333333333333337,3.0,0.0,1.0,2.0,3.0,2,2.75,2.4748737341529163,2.75,1.75,3.5
Cowboy_Be_Mine_TEXAS,14,0,absent,0,845,8,2.8125,0.8425090080061035,3.0,0.125,3.0,1.0,4.0,0,,,,,
Cowboy_Be_Mine_TEXAS,15,1,weak,1,353,1,,,,,,,,0,,,,,
Cowboy_Be_Mine_TEXAS,16,0,absent,0,849,9,3.6666666666666665,0.5,4.0,1.0,1.0,3.0,4.0,5,2.8,1.6431676725154984,4.0,3.0,3.0
Cowboy_Be_Mine_TEXAS,17,1,weak,1,511,3,2.6666666666666665,0.5773502691896258,3.0,0.5,1.0,2.0,3.0,0,,,,,
Cowboy_Be_Mine_TEXAS,18,1,weak,1,1047,5,2.8,1.0954451150103321,3.0,0.0,3.0,1.0,4.0,2,3.75,0.3535533905932738,3.75,0.25,0.5
Cowboy_Be_Mine_TEXAS,19,1,weak,1,894,4,2.75,0.5,3.0,0.25,1.0,2.0,3.0,0,,,,,
Cowboy_Be_Mine_TEXAS,20,1,weak,1,598,6,3.3333333333333335,0.5163977794943222,3.0,0.75,1.0,3.0,4.0,0,,,,,
Cowboy_Be_Mine_TEXAS,21,0,absent,0,183,3,3.0,0.0,3.0,0.0,0.0,3.0,3.0,0,,,,,
Cowboy_Be_Mine_TEXAS,22,0,absent,0,1200,14,3.0714285714285716,0.4746311465493234,3.0,0.0,2.0,2.0,4.0,1,,,,,
Cowboy_Be_Mine_TEXAS,23,1,weak,1,1001,11,2.772727272727273,0.753778361444409,3.0,0.25,3.0,1.0,4.0,5,3.2,0.44721359549995787,3.0,0.0,1.0
Cowboy_Be_Mine_TEXAS,24,2,strong,1,518,4,2.25,1.5,2.0,2.25,3.0,1.0,4.0,0,,,,,
Cowboy_Be_Mine_TEXAS,25,0,absent,0,140,0,,,,,,,,0,,,,,
Cowboy_Be_Mine_TEXAS,26,0,absent,0,673,13,3.0384615384615383,0.7205766921228921,3.0,0.0,3.0,1.0,4.0,0,,,,,
Cowboy_Be_Mine_TEXAS,27,1,weak,1,1550,11,3.5,0.4472135954999579,3.5,1.0,1.0,3.0,4.0,0,,,,,
Cowboy_Be_Mine_TEXAS,28,1,weak,1,475,1,,,,,,,,0,,,,,
Cowboy_Be_Mine_TEXAS,29,1,weak,1,900,10,3.05,0.3689323936863109,3.0,0.0,1.5,2.5,4.0,0,,,,,
Cowboy_Be_Mine_TEXAS,30,0,absent,0,1562,11,2.6818181818181817,1.0067950951590714,3.0,0.75,3.0,1.0,4.0,2,2.5,2.1213203435596424,2.5,1.5,3.0
Cowboy_Be_Mine_TEXAS,31,0,absent,0,1776,20,2.825,0.674244216258393,3.0,0.0,3.0,1.0,4.0,3,3.3333333333333335,0.5773502691896258,3.0,0.5,1.0
Cowboy_Be_Mine_TEXAS,32,1,weak,1,433,0,,,,,,,,0,,,,,
Cowboy_Be_Mine_TEXAS,33,0,absent,0,1362,16,3.21875,0.836037279870541,3.0,0.625,4.0,1.0,5.0,0,,,,,
Cowboy_Be_Mine_TEXAS,34,0,absent,0,982,8,3.0,0.4629100498862757,3.0,0.125,1.5,2.0,3.5,1,,,,,
Cowboy_Be_Mine_TEXAS,35,1,weak,1,3575,47,3.0638297872340425,0.672576335384705,3.0,0.0,3.0,1.0,4.0,4,4.0,0.816496580927726,4.0,0.5,2.0
Cowboy_Be_Mine_TEXAS,36,0,absent,0,719,0,,,,,,,,0,,,,,
Cowboy_Be_Mine_TEXAS,37,1,weak,1,441,1,,,,,,,,0,,,,,
Cowboy_Be_Mine_TEXAS,38,1,weak,1,492,2,3.0,0.0,3.0,0.0,0.0,3.0,3.0,0,,,,,
Cowboy_Be_Mine_TEXAS,39,0,absent,0,906,13,3.3076923076923075,0.4803844614152615,3.0,1.0,1.0,3.0,4.0,0,,,,,
Cowboy_Be_Mine_TEXAS,40,0,absent,0,1303,25,3.04,0.45460605656619524,3.0,0.0,2.0,2.0,4.0,2,4.0,0.0,4.0,0.0,0.0
Cowboy_Be_Mine_TEXAS,41,0,absent,0,2395,30,3.1666666666666665,0.8441822541139559,3.0,1.0,4.0,1.0,5.0,6,3.0833333333333335,1.2006942436218584,3.5,1.375,3.0
Cowboy_Be_Mine_TEXAS,42,1,weak,1,1261,11,2.909090909090909,1.044465935734187,3.0,0.5,3.0,1.0,4.0,1,,,,,
Cowboy_Be_Mine_TEXAS,43,0,absent,0,373,7,3.2142857142857144,0.3933978962347216,3.0,0.25,1.0,3.0,4.0,0,,,,,
Cowboy_Be_Mine_TEXAS,44,0,absent,0,81,1,,,,,,,,0,,,,,
Cowboy_Be_Mine_TEXAS,45,0,absent,0,573,4,3.375,0.47871355387816905,3.25,0.625,1.0,3.0,4.0,0,,,,,
Cowboy_Be_Mine_TEXAS,46,1,weak,1,1733,17,2.9705882352941178,0.44967308386531335,3.0,0.0,2.0,2.0,4.0,2,4.0,0.0,4.0,0.0,0.0
Cowboy_Be_Mine_TEXAS,47,0,absent,0,173,3,3.0,0.0,3.0,0.0,0.0,3.0,3.0,0,,,,,
Cowboy_Be_Mine_TEXAS,48,0,absent,0,923,6,3.5,0.5477225575051661,3.5,1.0,1.0,3.0,4.0,3,2.5,1.3228756555322954,3.0,1.25,2.5
Cowboy_Be_Mine_TEXAS,49,0,absent,0,553,4,2.5,1.0,3.0,0.5,2.0,1.0,3.0,2,2.0,0.0,2.0,0.0,0.0
Cowboy_Be_Mine_TEXAS,50,0,absent,0,2146,15,2.8,0.6761234037828132,3.0,0.0,3.0,1.0,4.0,2,4.0,0.0,4.0,0.0,0.0
Cowboy_Be_Mine_TEXAS,51,2,strong,1,2750,20,3.175,0.49404346708404207,3.0,0.125,2.0,2.0,4.0,1,,,,,
Cowboy_Be_Mine_TEXAS,52,1,weak,1,777,5,2.9,0.22360679774997894,3.0,0.0,0.5,2.5,3.0,0,,,,,
Cowboy_Be_Mine_TEXAS,53,0,absent,0,583,6,3.0,0.0,3.0,0.0,0.0,3.0,3.0,0,,,,,
Cowboy_Be_Mine_TEXAS,54,1,weak,1,1180,12,2.9166666666666665,0.19462473604038077,3.0,0.0,0.5,2.5,3.0,0,,,,,
Cowboy_Be_Mine_TEXAS,55,0,absent,0,1701,20,3.075,0.5199949392466289,3.0,0.0,2.0,2.0,4.0,1,,,,,
Cowboy_Be_Mine_TEXAS,56,2,strong,1,799,5,3.2,0.4472135954999579,3.0,0.0,1.0,3.0,4.0,1,,,,,
Cowboy_Be_Mine_TEXAS,57,1,weak,1,267,0,,,,,,,,0,,,,,
Cowboy_Be_Mine_TEXAS,58,1,weak,1,354,3,3.3333333333333335,0.5773502691896258,3.0,0.5,1.0,3.0,4.0,0,,,,,
Cowboy_Be_Mine_TEXAS,59,2,strong,1,679,7,3.2857142857142856,0.48795003647426666,3.0,0.5,1.0,3.0,4.0,0,,,,,
Cowboy_Be_Mine_TEXAS,60,2,strong,1,781,8,3.0625,0.5629958132298016,3.0,0.125,2.0,2.0,4.0,0,,,,,
Cowboy_Be_Mine_TEXAS,61,0,absent,0,1308,12,3.0416666666666665,0.498102459947811,3.0,0.125,2.0,2.0,4.0,0,,,,,
Cowboy_Be_Mine_TEXAS,62,0,absent,0,527,5,3.4,0.8944271909999159,3.0,0.0,2.0,3.0,5.0,5,3.0,1.224744871391589,3.0,1.0,3.0
Cowboy_Be_Mine_TEXAS,63,1,weak,1,1445,16,2.9375,0.8539125638299665,3.0,0.0,3.0,1.0,4.0,5,2.9,0.5477225575051661,3.0,0.0,1.5
Cowboy_Be_Mine_TEXAS,64,0,absent,0,801,11,3.0454545454545454,0.8501336793277119,3.0,0.5,3.0,1.0,4.0,1,,,,,
Cowboy_Be_Mine_TEXAS,65,1,weak,1,456,1,,,,,,,,0,,,,,
Cowboy_Be_Mine_TEXAS,66,1,weak,1,171,5,3.3,0.6708203932499369,3.0,1.0,1.5,2.5,4.0,0,,,,,
Deceptions-CALIFORNIA,1,1,weak,1,1969,6,2.75,0.4183300132670378,3.0,0.375,1.0,2.0,3.0,1,,,,,
Deceptions-CALIFORNIA,2,0,absent,0,98,0,,,,,,,,0,,,,,
Deceptions-CALIFORNIA,3,1,weak,1,975,4,3.25,0.5,3.0,0.25,1.0,3.0,4.0,0,,,,,
Deceptions-CALIFORNIA,4,1,weak,1,206,0,,,,,,,,0,,,,,
Deceptions-CALIFORNIA,5,1,weak,1,235,0,,,,,,,,0,,,,,
Deceptions-CALIFORNIA,6,0,absent,0,158,1,,,,,,,,0,,,,,
Deceptions-CALIFORNIA,7,0,absent,0,194,0,,,,,,,,0,,,,,
Deceptions-CALIFORNIA,8,1,weak,1,306,0,,,,,,,,4,3.425,0.6751543033509697,3.5,1.0750000000000002,1.2999999999999998
Deceptions-CALIFORNIA,9,1,weak,1,159,2,3.0,0.0,3.0,0.0,0.0,3.0,3.0,1,,,,,
Deceptions-CALIFORNIA,10,0,absent,0,345,2,2.0,1.4142135623730951,2.0,1.0,2.0,1.0,3.0,0,,,,,
Deceptions-CALIFORNIA,11,1,weak,1,129,0,,,,,,,,0,,,,,
Deceptions-CALIFORNIA,12,1,weak,1,483,4,2.75,1.2583057392117916,3.0,0.75,3.0,1.0,4.0,0,,,,,
Deceptions-CALIFORNIA,13,1,weak,1,806,4,3.625,0.47871355387816905,3.75,0.625,1.0,3.0,4.0,1,,,,,
Deceptions-CALIFORNIA,14,2,strong,1,725,5,2.0,0.7071067811865476,2.0,0.0,2.0,1.0,3.0,0,,,,,
Deceptions-CALIFORNIA,15,0,absent,0,70,0,,,,,,,,0,,,,,
Deceptions-CALIFORNIA,16,1,weak,1,336,3,3.6666666666666665,0.5773502691896258,4.0,0.5,1.0,3.0,4.0,0,,,,,
Deceptions-CALIFORNIA,17,2,strong,1,202,2,3.0,0.0,3.0,0.0,0.0,3.0,3.0,0,,,,,
Deceptions-CALIFORNIA,18,1,weak,1,342,1,,,,,,,,1,,,,,
Deceptions-CALIFORNIA,19,1,weak,1,415,1,,,,,,,,0,,,,,
Deceptions-CALIFORNIA,20,2,strong,1,324,2,3.0,0.0,3.0,0.0,0.0,3.0,3.0,0,,,,,
Deceptions-CALIFORNIA,21,1,weak,1,841,3,2.6666666666666665,0.5773502691896258,3.0,0.5,1.0,2.0,3.0,0,,,,,
Deceptions-CALIFORNIA,22,2,strong,1,98,0,,,,,,,,0,,,,,
Deceptions-CALIFORNIA,23,1,weak,1,1286,7,3.2857142857142856,0.4879500364742666,3.0,0.5,1.0,3.0,4.0,1,,,,,
Deceptions-CALIFORNIA,24,1,weak,1,407,4,3.5,0.5773502691896257,3.5,1.0,1.0,3.0,4.0,0,,,,,
Deceptions-CALIFORNIA,25,1,weak,1,404,0,,,,,,,,0,,,,,
Deceptions-CALIFORNIA,26,1,weak,1,403,0,,,,,,,,1,,,,,
Deceptions-CALIFORNIA,27,1,weak,1,374,1,,,,,,,,0,,,,,
Deceptions-CALIFORNIA,28,1,weak,1,995,8,3.1875,0.37201190457142247,3.0,0.125,1.0,3.0,4.0,2,3.5,0.7071067811865476,3.5,0.5,1.0
Deceptions-CALIFORNIA,29,1,weak,1,364,2,3.25,0.3535533905932738,3.25,0.25,0.5,3.0,3.5,1,,,,,
Deceptions-CALIFORNIA,30,1,weak,1,2542,21,2.9285714285714284,0.554204706893452,3.0,0.0,3.0,1.0,4.0,1,,,,,
Deceptions-CALIFORNIA,31,1,weak,1,358,0,,,,,,,,1,,,,,
Deceptions-CALIFORNIA,32,2,strong,1,1102,3,2.6666666666666665,0.5773502691896258,3.0,0.5,1.0,2.0,3.0,2,3.25,1.0606601717798212,3.25,0.75,1.5
Deceptions-CALIFORNIA,33,1,weak,1,514,2,2.75,0.3535533905932738,2.75,0.25,0.5,2.5,3.0,0,,,,,
Deceptions-CALIFORNIA,34,2,strong,1,661,1,,,,,,,,0,,,,,
Deceptions-CALIFORNIA,35,1,weak,1,1834,10,2.55,1.0124228365658292,3.0,1.0,3.0,1.0,4.0,1,,,,,
Deceptions-CALIFORNIA,36,1,weak,1,980,3,3.6666666666666665,0.5773502691896258,4.0,0.5,1.0,3.0,4.0,0,,,,,
Deceptions-CALIFORNIA,37,1,weak,1,513,1,,,,,,,,1,,,,,
Deceptions-CALIFORNIA,38,0,absent,0,187,2,3.5,0.7071067811865476,3.5,0.5,1.0,3.0,4.0,1,,,,,
Deceptions-CALIFORNIA,39,1,weak,1,1572,9,2.888888888888889,0.7817359599705717,3.0,0.0,3.0,1.0,4.0,2,3.5,0.7071067811865476,3.5,0.5,1.0
Deceptions-CALIFORNIA,40,2,strong,1,490,3,3.3333333333333335,0.5773502691896258,3.0,0.5,1.0,3.0,4.0,0,,,,,
Deceptions-CALIFORNIA,41,1,weak,1,638,6,3.1666666666666665,0.408248290463863,3.0,0.0,1.0,3.0,4.0,0,,,,,
Deceptions-CALIFORNIA,42,0,absent,0,16,0,,,,,,,,0,,,,,
Deceptions-CALIFORNIA,43,1,weak,1,677,6,2.8333333333333335,0.983192080250175,3.0,0.0,3.0,1.0,4.0,1,,,,,
Deceptions-CALIFORNIA,44,1,weak,1,297,3,2.8333333333333335,0.2886751345948129,3.0,0.25,0.5,2.5,3.0,1,,,,,
Deceptions-CALIFORNIA,45,1,weak,1,392,2,3.0,0.7071067811865476,3.0,0.5,1.0,2.5,3.5,0,,,,,
Deceptions-CALIFORNIA,46,1,weak,1,273,1,,,,,,,,0,,,,,
Deceptions-CALIFORNIA,47,0,absent,0,57,0,,,,,,,,0,,,,,
Deceptions-CALIFORNIA,48,2,strong,1,408,4,3.0,0.0,3.0,0.0,0.0,3.0,3.0,2,1.5,0.7071067811865476,1.5,0.5,1.0
Deceptions-CALIFORNIA,49,1,weak,1,276,1,,,,,,,,0,,,,,
Deceptions-CALIFORNIA,50,1,weak,1,730,10,2.9,0.7378647873726218,3.0,0.0,3.0,1.0,4.0,0,,,,,
Deceptions-CALIFORNIA,51,1,weak,1,1005,10,3.15,0.3374742788552764,3.0,0.0,1.0,3.0,4.0,1,,,,,
Deceptions-CALIFORNIA,52,0,absent,0,241,2,3.0,0.0,3.0,0.0,0.0,3.0,3.0,0,,,,,
Deceptions-CALIFORNIA,53,2,strong,1,896,4,2.75,0.5,3.0,0.25,1.0,2.0,3.0,2,4.0,0.0,4.0,0.0,0.0
Deceptions-CALIFORNIA,54,1,weak,1,225,2,3.5,0.7071067811865476,3.5,0.5,1.0,3.0,4.0,0,,,,,
Deceptions-CALIFORNIA,55,2,strong,1,413,0,,,,,,,,0,,,,,
Deceptions-CALIFORNIA,56,1,weak,1,694,2,3.5,0.7071067811865476,3.5,0.5,1.0,3.0,4.0,0,,,,,
Deceptions-CALIFORNIA,57,2,strong,1,769,4,3.25,0.5,3.0,0.25,1.0,3.0,4.0,0,,,,,
Deceptions-CALIFORNIA,58,1,weak,1,137,2,4.0,0.0,4.0,0.0,0.0,4.0,4.0,0,,,,,
Deceptions-CALIFORNIA,59,1,weak,1,155,2,2.0,1.4142135623730951,2.0,1.0,2.0,1.0,3.0,0,,,,,
Deceptions-CALIFORNIA,60,2,strong,1,570,2,3.25,0.3535533905932738,3.25,0.25,0.5,3.0,3.5,0,,,,,
Deceptions-CALIFORNIA,61,1,weak,1,417,2,4.0,0.0,4.0,0.0,0.0,4.0,4.0,0,,,,,
Deceptions-CALIFORNIA,62,1,weak,1,278,2,3.5,0.7071067811865476,3.5,0.5,1.0,3.0,4.0,0,,,,,
Deceptions-CALIFORNIA,63,1,weak,1,528,1,,,,,,,,2,3.5,0.0,3.5,0.0,0.0
Deceptions-CALIFORNIA,64,1,weak,1,615,4,3.25,0.5,3.0,0.25,1.0,3.0,4.0,0,,,,,
Deceptions-CALIFORNIA,65,1,weak,1,157,1,,,,,,,,0,,,,,
Deceptions-CALIFORNIA,66,1,weak,1,1206,11,2.6999999999999997,0.6782329983125269,3.0,0.3999999999999999,2.5,1.0,3.5,0,,,,,
Deceptions-CALIFORNIA,67,1,weak,1,786,2,3.0,0.0,3.0,0.0,0.0,3.0,3.0,0,,,,,
Deceptions-CALIFORNIA,68,2,strong,1,265,0,,,,,,,,1,,,,,
Deceptions-CALIFORNIA,69,1,weak,1,477,0,,,,,,,,0,,,,,
Deceptions-CALIFORNIA,70,1,weak,1,1838,20,3.2,0.41039134083406165,3.0,0.0,1.0,3.0,4.0,1,,,,,
Deceptions-CALIFORNIA,71,1,weak,1,710,6,3.0833333333333335,0.4915960401250875,3.0,0.0,1.5,2.5,4.0,0,,,,,
Deceptions-CALIFORNIA,72,0,absent,0,533,5,2.8,1.0954451150103321,3.0,0.0,3.0,1.0,4.0,1,,,,,
Deceptions-CALIFORNIA,73,1,weak,1,283,2,3.5,0.7071067811865476,3.5,0.5,1.0,3.0,4.0,1,,,,,
Deceptions-CALIFORNIA,74,1,weak,1,436,1,,,,,,,,0,,,,,
Deceptions-CALIFORNIA,75,2,strong,1,289,2,3.0,0.0,3.0,0.0,0.0,3.0,3.0,0,,,,,
Deceptions-CALIFORNIA,76,1,weak,1,231,1,,,,,,,,0,,,,,
Deceptions-CALIFORNIA,77,1,weak,1,273,3,2.6666666666666665,0.5773502691896258,3.0,0.5,1.0,2.0,3.0,0,,,,,
Finders_Keepers_VERMONT,1,0,absent,0,326,4,3.0,0.0,3.0,0.0,0.0,3.0,3.0,0,,,,,
Finders_Keepers_VERMONT,2,0,absent,0,112,0,,,,,,,,0,,,,,
Finders_Keepers_VERMONT,3,0,absent,0,239,0,,,,,,,,0,,,,,
Finders_Keepers_VERMONT,4,0,absent,0,1128,8,3.1875,0.37201190457142247,3.0,0.125,1.0,3.0,4.0,2,4.0,0.0,4.0,0.0,0.0
Finders_Keepers_VERMONT,5,0,absent,0,1274,9,3.111111111111111,0.927960727138337,3.0,1.0,3.0,1.0,4.0,2,2.75,0.3535533905932738,2.75,0.25,0.5
Finders_Keepers_VERMONT,6,0,absent,0,128,2,3.5,0.7071067811865476,3.5,0.5,1.0,3.0,4.0,0,,,,,
Finders_Keepers_VERMONT,7,0,absent,0,736,8,3.25,0.4629100498862757,3.0,0.25,1.0,3.0,4.0,0,,,,,
Finders_Keepers_VERMONT,8,0,absent,0,304,0,,,,,,,,0,,,,,
Finders_Keepers_VERMONT,9,0,absent,0,335,0,,,,,,,,0,,,,,
Finders_Keepers_VERMONT,10,0,absent,0,323,4,3.0,0.0,3.0,0.0,0.0,3.0,3.0,0,,,,,
Finders_Keepers_VERMONT,11,0,absent,0,228,1,,,,,,,,0,,,,,
Finders_Keepers_VERMONT,12,0,absent,0,242,0,,,,,,,,0,,,,,
Finders_Keepers_VERMONT,13,0,absent,0,204,1,,,,,,,,0,,,,,
Finders_Keepers_VERMONT,14,0,absent,0,503,5,3.2,0.4472135954999579,3.0,0.0,1.0,3.0,4.0,0,,,,,
Finders_Keepers_VERMONT,15,0,absent,0,1948,15,2.966666666666667,0.6113996432854077,3.0,0.0,3.0,1.0,4.0,0,,,,,
Finders_Keepers_VERMONT,16,0,absent,0,1085,6,3.1666666666666665,0.40824829046386296,3.0,0.0,1.0,3.0,4.0,0,,,,,
Finders_Keepers_VERMONT,17,1,weak,1,305,0,,,,,,,,3,3.0,1.7320508075688772,4.0,1.5,3.0
Finders_Keepers_VERMONT,18,0,absent,0,289,1,,,,,,,,0,,,,,
Finders_Keepers_VERMONT,19,0,absent,0,324,0,,,,,,,,0,,,,,
Finders_Keepers_VERMONT,20,0,absent,0,212,0,,,,,,,,0,,,,,
Finders_Keepers_VERMONT,21,0,absent,0,803,6,3.0,0.0,3.0,0.0,0.0,3.0,3.0,0,,,,,
Finders_Keepers_VERMONT,22,0,absent,0,523,2,3.0,0.0,3.0,0.0,0.0,3.0,3.0,0,,,,,
Finders_Keepers_VERMONT,23,0,absent,0,179,0,,,,,,,,0,,,,,
Finders_Keepers_VERMONT,24,0,absent,0,439,2,3.0,0.0,3.0,0.0,0.0,3.0,3.0,0,,,,,
Finders_Keepers_VERMONT,25,0,absent,0,101,2,3.5,0.7071067811865476,3.5,0.5,1.0,3.0,4.0,0,,,,,
Finders_Keepers_VERMONT,26,0,absent,0,306,3,2.6666666666666665,0.5773502691896258,3.0,0.5,1.0,2.0,3.0,1,,,,,
Finders_Keepers_VERMONT,27,1,weak,1,294,2,3.5,0.7071067811865476,3.5,0.5,1.0,3.0,4.0,0,,,,,
Finders_Keepers_VERMONT,28,0,absent,0,1405,9,3.1666666666666665,0.35355339059327373,3.0,0.0,1.0,3.0,4.0,0,,,,,
Finders_Keepers_VERMONT,29,1,weak,1,553,4,3.75,0.5,4.0,0.25,1.0,3.0,4.0,2,2.0,1.4142135623730951,2.0,1.0,2.0
Finders_Keepers_VERMONT,30,0,absent,0,209,0,,,,,,,,0,,,,,
Finders_Keepers_VERMONT,31,0,absent,0,271,3,3.3333333333333335,0.5773502691896258,3.0,0.5,1.0,3.0,4.0,0,,,,,
Finders_Keepers_VERMONT,32,0,absent,0,208,1,,,,,,,,0,,,,,
Finders_Keepers_VERMONT,33,0,absent,0,89,2,3.75,0.3535533905932738,3.75,0.25,0.5,3.5,4.0,1,,,,,
Finders_Keepers_VERMONT,34,0,absent,0,470,4,2.5,1.0,3.0,0.5,2.0,1.0,3.0,0,,,,,
Finders_Keepers_VERMONT,35,0,absent,0,1468,9,3.111111111111111,0.927960727138337,3.0,1.0,3.0,1.0,4.0,0,,,,,
Finders_Keepers_VERMONT,36,2,strong,1,1267,9,3.0,0.5,3.0,0.0,2.0,2.0,4.0,1,,,,,
Finders_Keepers_VERMONT,37,0,absent,0,313,1,,,,,,,,1,,,,,
Finders_Keepers_VERMONT,38,1,weak,1,276,1,,,,,,,,0,,,,,
Finders_Keepers_VERMONT,39,1,weak,1,371,4,3.375,0.75,3.5,1.125,1.5,2.5,4.0,0,,,,,
Finders_Keepers_VERMONT,40,1,weak,1,872,4,3.375,0.47871355387816905,3.25,0.625,1.0,3.0,4.0,2,3.75,1.0606601717798212,3.75,0.75,1.5
Finders_Keepers_VERMONT,41,1,weak,1,4239,23,3.1739130434782608,0.3875533878815898,3.0,0.0,1.0,3.0,4.0,4,2.75,1.5,3.0,2.25,3.0
Finders_Keepers_VERMONT,42,0,absent,0,1886,8,3.25,0.7071067811865476,3.0,1.0,2.0,2.0,4.0,0,,,,,
Finders_Keepers_VERMONT,43,1,weak,1,161,0,,,,,,,,0,,,,,
Finders_Keepers_VERMONT,44,0,absent,0,260,3,3.0,0.0,3.0,0.0,0.0,3.0,3.0,0,,,,,
Finders_Keepers_VERMONT,45,0,absent,0,701,8,3.125,0.3535533905932738,3.0,0.0,1.0,3.0,4.0,0,,,,,
Finders_Keepers_VERMONT,46,0,absent,0,968,6,3.1666666666666665,0.40824829046386296,3.0,0.0,1.0,3.0,4.0,1,,,,,
Finders_Keepers_VERMONT,47,0,absent,0,622,5,3.2,0.4472135954999579,3.0,0.0,1.0,3.0,4.0,0,,,,,
Finders_Keepers_VERMONT,48,0,absent,0,840,8,2.625,0.7440238091428449,3.0,0.25,2.0,1.0,3.0,0,,,,,
Finders_Keepers_VERMONT,49,0,absent,0,268,0,,,,,,,,2,3.5,0.7071067811865476,3.5,0.5,1.0
Finders_Keepers_VERMONT,50,1,weak,1,537,6,3.5,0.5477225575051661,3.5,1.0,1.0,3.0,4.0,0,,,,,
Finders_Keepers_VERMONT,51,0,absent,0,1517,10,3.0,0.0,3.0,0.0,0.0,3.0,3.0,0,,,,,
Finders_Keepers_VERMONT,52,2,strong,1,349,0,,,,,,,,2,1.85,1.2020815280171309,1.85,0.8500000000000003,1.7000000000000002
Finders_Keepers_VERMONT,53,0,absent,0,423,2,3.5,0.7071067811865476,3.5,0.5,1.0,3.0,4.0,0,,,,,
Finders_Keepers_VERMONT,54,1,weak,1,723,7,3.142857142857143,1.0690449676496976,3.0,1.0,3.0,1.0,4.0,0,,,,,
Finders_Keepers_VERMONT,55,2,strong,1,2421,19,3.1052631578947367,0.7374684055082,3.0,0.5,3.0,1.0,4.0,3,4.166666666666667,0.5773502691896258,4.5,0.5,1.0
Finders_Keepers_VERMONT,56,2,strong,1,702,7,3.0714285714285716,1.426784596817013,3.5,1.0,4.0,0.0,4.0,2,3.25,0.3535533905932738,3.25,0.25,0.5
Finders_Keepers_VERMONT,57,1,weak,1,503,2,3.0,0.0,3.0,0.0,0.0,3.0,3.0,0,,,,,
Finders_Keepers_VERMONT,58,0,absent,0,518,3,3.3333333333333335,0.5773502691896258,3.0,0.5,1.0,3.0,4.0,0,,,,,
Finders_Keepers_VERMONT,59,0,absent,0,686,6,3.1666666666666665,0.40824829046386296,3.0,0.0,1.0,3.0,4.0,0,,,,,
Finders_Keepers_VERMONT,60,0,absent,0,895,9,3.2222222222222223,0.4409585518440984,3.0,0.0,1.0,3.0,4.0,1,,,,,
Finders_Keepers_VERMONT,61,0,absent,0,66,0,,,,,,,,0,,,,,
Finders_Keepers_VERMONT,62,1,weak,1,206,1,,,,,,,,0,,,,,
Finders_Keepers_VERMONT,63,0,absent,0,749,8,3.25,0.4629100498862757,3.0,0.25,1.0,3.0,4.0,0,,,,,
Finders_Keepers_VERMONT,64,0,absent,0,156,0,,,,,,,,0,,,,,
Finders_Keepers_VERMONT,65,0,absent,0,316,3,3.0,0.0,3.0,0.0,0.0,3.0,3.0,1,,,,,
Finders_Keepers_VERMONT,66,0,absent,0,507,4,3.5,0.5773502691896257,3.5,1.0,1.0,3.0,4.0,2,3.5,0.7071067811865476,3.5,0.5,1.0
Finders_Keepers_VERMONT,67,0,absent,0,816,9,2.7777777777777777,0.4409585518440984,3.0,0.0,1.0,2.0,3.0,1,,,,,
Finders_Keepers_VERMONT,68,1,weak,1,164,3,3.3333333333333335,0.5773502691896258,3.0,0.5,1.0,3.0,4.0,1,,,,,
Finders_Keepers_VERMONT,69,1,weak,1,144,0,,,,,,,,0,,,,,
Finders_Keepers_VERMONT,70,0,absent,0,1747,12,3.1666666666666665,0.38924947208076144,3.0,0.0,1.0,3.0,4.0,5,3.8,0.44721359549995787,4.0,0.0,1.0
Finders_Keepers_VERMONT,71,1,weak,1,189,0,,,,,,,,0,,,,,
Finders_Keepers_VERMONT,72,0,absent,0,647,5,3.4,0.5477225575051661,3.0,1.0,1.0,3.0,4.0,0,,,,,
Finders_Keepers_VERMONT,73,0,absent,0,415,0,,,,,,,,0,,,,,
Finders_Keepers_VERMONT,74,2,strong,1,491,6,2.9166666666666665,0.3763863263545405,3.0,0.375,1.0,2.5,3.5,1,,,,,
Finders_Keepers_VERMONT,75,2,strong,1,327,3,2.3333333333333335,0.5773502691896258,2.0,0.5,1.0,2.0,3.0,1,,,,,
Finders_Keepers_VERMONT,76,1,weak,1,460,5,3.0,0.0,3.0,0.0,0.0,3.0,3.0,2,4.0,0.0,4.0,0.0,0.0
Finders_Keepers_VERMONT,77,1,weak,1,131,0,,,,,,,,0,,,,,
Finders_Keepers_VERMONT,78,0,absent,0,94,0,,,,,,,,0,,,,,
Finders_Keepers_VERMONT,79,0,absent,0,166,0,,,,,,,,0,,,,,
Finders_Keepers_VERMONT,80,2,strong,1,593,4,3.5,0.5773502691896257,3.5,1.0,1.0,3.0,4.0,1,,,,,
Finders_Keepers_VERMONT,81,0,absent,0,325,0,,,,,,,,0,,,,,
Finders_Keepers_VERMONT,82,2,strong,1,347,4,3.5,0.5773502691896257,3.5,1.0,1.0,3.0,4.0,0,,,,,
Finders_Keepers_VERMONT,83,2,strong,1,561,7,2.857142857142857,0.37796447300922725,3.0,0.0,1.0,2.0,3.0,0,,,,,
Finders_Keepers_VERMONT,84,0,absent,0,327,2,4.0,0.0,4.0,0.0,0.0,4.0,4.0,0,,,,,
Finders_Keepers_VERMONT,85,0,absent,0,312,1,,,,,,,,0,,,,,
Finders_Keepers_VERMONT,86,1,weak,1,841,5,3.6,0.5477225575051661,4.0,1.0,1.0,3.0,4.0,0,,,,,
Finders_Keepers_VERMONT,87,1,weak,1,144,2,3.0,0.0,3.0,0.0,0.0,3.0,3.0,1,,,,,
Finders_Keepers_VERMONT,88,0,absent,0,137,1,,,,,,,,0,,,,,
Finders_Keepers_VERMONT,89,0,absent,0,110,0,,,,,,,,0,,,,,
Finders_Keepers_VERMONT,90,0,absent,0,686,7,3.2142857142857144,0.3933978962347216,3.0,0.25,1.0,3.0,4.0,1,,,,,
Finders_Keepers_VERMONT,91,1,weak,1,441,6,3.5,0.5477225575051661,3.5,1.0,1.0,3.0,4.0,0,,,,,
Found_His_Perfect_Wife_ALASKA,1,0,absent,0,595,2,3.0,0.0,3.0,0.0,0.0,3.0,3.0,0,,,,,
Found_His_Perfect_Wife_ALASKA,2,1,weak,1,744,2,2.0,1.4142135623730951,2.0,1.0,2.0,1.0,3.0,2,3.85,0.21213203435596414,3.85,0.14999999999999947,0.2999999999999998
Found_His_Perfect_Wife_ALASKA,3,1,weak,1,2954,25,2.82,0.7756717518813397,3.0,0.0,3.0,1.0,4.0,4,3.5,1.2909944487358056,3.5,1.5,3.0
Found_His_Perfect_Wife_ALASKA,4,1,weak,1,1005,7,3.142857142857143,0.37796447300922725,3.0,0.0,1.0,3.0,4.0,1,,,,,
Found_His_Perfect_Wife_ALASKA,5,1,weak,1,261,0,,,,,,,,0,,,,,
Found_His_Perfect_Wife_ALASKA,6,1,weak,1,484,3,3.0,0.0,3.0,0.0,0.0,3.0,3.0,0,,,,,
Found_His_Perfect_Wife_ALASKA,7,1,weak,1,1347,6,3.25,0.4183300132670378,3.0,0.375,1.0,3.0,4.0,0,,,,,
Found_His_Perfect_Wife_ALASKA,8,1,weak,1,503,5,3.0,0.0,3.0,0.0,0.0,3.0,3.0,0,,,,,
Found_His_Perfect_Wife_ALASKA,9,1,weak,1,2039,22,2.977272727272727,0.5450485502025687,3.0,0.0,3.0,1.0,4.0,0,,,,,
Found_His_Perfect_Wife_ALASKA,10,0,absent,0,797,8,3.25,0.4629100498862757,3.0,0.25,1.0,3.0,4.0,2,3.0,0.0,3.0,0.0,0.0
Found_His_Perfect_Wife_ALASKA,11,1,weak,1,876,5,3.4,0.5477225575051661,3.0,1.0,1.0,3.0,4.0,0,,,,,
Found_His_Perfect_Wife_ALASKA,12,1,weak,1,1124,4,3.25,0.5,3.0,0.25,1.0,3.0,4.0,2,4.0,0.0,4.0,0.0,0.0
Found_His_Perfect_Wife_ALASKA,13,1,weak,1,3965,16,3.1875,0.51234753829798,3.0,0.5,2.0,2.0,4.0,8,3.375,0.7440238091428449,3.5,1.0,2.0
Found_His_Perfect_Wife_ALASKA,14,1,weak,1,3167,18,2.988888888888889,0.6105820645223211,3.0,0.0,3.0,1.0,4.0,5,3.3,0.4472135954999579,3.0,0.5,1.0
Found_His_Perfect_Wife_ALASKA,15,1,weak,1,591,1,,,,,,,,1,,,,,
Found_His_Perfect_Wife_ALASKA,16,2,strong,1,529,2,3.5,0.7071067811865476,3.5,0.5,1.0,3.0,4.0,3,3.8333333333333335,0.2886751345948129,4.0,0.25,0.5
Found_His_Perfect_Wife_ALASKA,17,1,weak,1,2006,20,3.15,0.7451598203705947,3.0,1.0,3.0,1.0,4.0,2,3.5,0.7071067811865476,3.5,0.5,1.0
Found_His_Perfect_Wife_ALASKA,18,0,absent,0,185,0,,,,,,,,0,,,,,
Found_His_Perfect_Wife_ALASKA,19,1,weak,1,4338,28,3.2142857142857144,0.629940788348712,3.0,1.0,3.0,1.0,4.0,13,3.6538461538461537,0.6253204306798563,4.0,0.5,2.0
Found_His_Perfect_Wife_ALASKA,20,1,weak,1,991,10,3.2,0.8881941729649485,3.25,0.875,3.0,1.0,4.0,2,3.25,1.0606601717798212,3.25,0.75,1.5
Found_His_Perfect_Wife_ALASKA,21,0,absent,0,356,4,3.25,0.5,3.0,0.25,1.0,3.0,4.0,2,3.5,0.7071067811865476,3.5,0.5,1.0
Found_His_Perfect_Wife_ALASKA,22,1,weak,1,877,2,3.5,0.7071067811865476,3.5,0.5,1.0,3.0,4.0,1,,,,,
Found_His_Perfect_Wife_ALASKA,23,1,weak,1,1527,7,3.0,0.0,3.0,0.0,0.0,3.0,3.0,4,3.75,0.5,4.0,0.25,1.0
Found_His_Perfect_Wife_ALASKA,24,1,weak,1,1467,2,3.0,0.0,3.0,0.0,0.0,3.0,3.0,2,3.5,0.7071067811865476,3.5,0.5,1.0
Found_His_Perfect_Wife_ALASKA,25,2,strong,1,458,1,,,,,,,,1,,,,,
Found_His_Perfect_Wife_ALASKA,26,1,weak,1,573,3,3.3333333333333335,0.2886751345948129,3.5,0.25,0.5,3.0,3.5,0,,,,,
Found_His_Perfect_Wife_ALASKA,27,1,weak,1,415,0,,,,,,,,1,,,,,
Found_His_Perfect_Wife_ALASKA,28,0,absent,0,834,5,3.4,0.5477225575051661,3.0,1.0,1.0,3.0,4.0,0,,,,,
Found_His_Perfect_Wife_ALASKA,29,1,weak,1,1136,15,3.2,0.4140393356054125,3.0,0.0,1.0,3.0,4.0,1,,,,,
Found_His_Perfect_Wife_ALASKA,30,1,weak,1,1477,18,3.138888888888889,0.47914002483480006,3.0,0.0,2.0,2.0,4.0,2,3.5,0.7071067811865476,3.5,0.5,1.0
Found_His_Perfect_Wife_ALASKA,31,1,weak,1,2267,9,2.888888888888889,0.8207381501496753,3.0,0.0,3.0,1.0,4.0,3,3.0,0.5,3.0,0.5,1.0
Found_His_Perfect_Wife_ALASKA,32,1,weak,1,195,0,,,,,,,,1,,,,,
Found_His_Perfect_Wife_ALASKA,33,0,absent,0,321,4,3.0,0.0,3.0,0.0,0.0,3.0,3.0,0,,,,,
Found_His_Perfect_Wife_ALASKA,34,1,weak,1,932,8,3.375,0.5175491695067657,3.0,1.0,1.0,3.0,4.0,3,3.6666666666666665,0.5773502691896258,4.0,0.5,1.0
Found_His_Perfect_Wife_ALASKA,35,1,weak,1,303,2,3.0,0.0,3.0,0.0,0.0,3.0,3.0,1,,,,,
Found_His_Perfect_Wife_ALASKA,36,2,strong,1,240,1,,,,,,,,0,,,,,
Found_His_Perfect_Wife_ALASKA,37,1,weak,1,2392,12,2.9583333333333335,0.45016831868926,3.0,0.0,2.0,2.0,4.0,2,3.75,0.3535533905932738,3.75,0.25,0.5
Found_His_Perfect_Wife_ALASKA,38,1,weak,1,479,1,,,,,,,,0,,,,,
Found_His_Perfect_Wife_ALASKA,39,1,weak,1,803,6,2.8333333333333335,0.40824829046386296,3.0,0.0,1.0,2.0,3.0,1,,,,,
Found_His_Perfect_Wife_ALASKA,40,2,strong,1,387,2,3.0,0.0,3.0,0.0,0.0,3.0,3.0,0,,,,,
Found_His_Perfect_Wife_ALASKA,41,1,weak,1,2003,11,3.227272727272727,0.5178627406773132,3.0,0.5,1.5,2.5,4.0,2,2.5,2.1213203435596424,2.5,1.5,3.0
Found_His_Perfect_Wife_ALASKA,42,0,absent,0,255,0,,,,,,,,0,,,,,
Found_His_Perfect_Wife_ALASKA,43,2,strong,1,1300,6,2.6666666666666665,1.3662601021279464,3.0,2.25,3.0,1.0,4.0,4,2.5,1.7320508075688772,2.5,3.0,3.0
Found_His_Perfect_Wife_ALASKA,44,2,strong,1,551,7,3.357142857142857,0.7480132415430956,3.5,1.0,2.0,2.0,4.0,2,4.0,0.0,4.0,0.0,0.0
Found_His_Perfect_Wife_ALASKA,45,1,weak,1,422,0,,,,,,,,0,,,,,
Found_His_Perfect_Wife_ALASKA,46,1,weak,1,1146,7,2.857142857142857,1.0690449676496974,3.0,1.0,3.0,1.0,4.0,2,4.0,0.0,4.0,0.0,0.0
Found_His_Perfect_Wife_ALASKA,47,2,strong,1,2359,18,2.4722222222222223,1.0774728360465988,3.0,1.0,4.0,0.0,4.0,1,,,,,
Found_His_Perfect_Wife_ALASKA,48,1,weak,1,590,3,2.3333333333333335,1.1547005383792515,3.0,1.0,2.0,1.0,3.0,0,,,,,
Found_His_Perfect_Wife_ALASKA,49,1,weak,1,692,5,2.2,1.0954451150103321,3.0,2.0,2.0,1.0,3.0,0,,,,,
Found_His_Perfect_Wife_ALASKA,50,0,absent,0,727,12,3.0416666666666665,0.7525210155124431,3.0,0.125,3.0,1.0,4.0,0,,,,,
Found_His_Perfect_Wife_ALASKA,51,2,strong,1,265,2,3.0,0.0,3.0,0.0,0.0,3.0,3.0,0,,,,,
Found_His_Perfect_Wife_ALASKA,52,1,weak,1,1590,16,2.84375,0.7238496621076322,3.0,0.125,3.0,1.0,4.0,1,,,,,
Found_His_Perfect_Wife_ALASKA,53,2,strong,1,1513,3,2.766666666666667,1.569500982265807,3.3,1.5,3.0,1.0,4.0,1,,,,,
Found_His_Perfect_Wife_ALASKA,54,2,strong,1,168,1,,,,,,,,0,,,,,
Found_His_Perfect_Wife_ALASKA,55,1,weak,1,729,7,3.357142857142857,0.47559486560567094,3.0,0.75,1.0,3.0,4.0,1,,,,,
Found_His_Perfect_Wife_ALASKA,56,1,weak,1,1004,6,2.75,1.08397416943394,3.0,1.125,3.0,1.0,4.0,1,,,,,
Found_His_Perfect_Wife_ALASKA,57,1,weak,1,463,2,3.0,0.0,3.0,0.0,0.0,3.0,3.0,0,,,,,
Found_His_Perfect_Wife_ALASKA,58,1,weak,1,891,5,2.6,0.8944271909999159,3.0,0.0,2.0,1.0,3.0,1,,,,,
Found_His_Perfect_Wife_ALASKA,59,0,absent,0,175,2,3.5,0.7071067811865476,3.5,0.5,1.0,3.0,4.0,0,,,,,
Found_His_Perfect_Wife_ALASKA,60,1,weak,1,1632,20,3.2,0.7677718959499146,3.0,1.0,3.0,1.0,4.0,5,3.7600000000000002,0.33615472627943227,4.0,0.5,0.7000000000000002
Found_His_Perfect_Wife_ALASKA,61,1,weak,1,564,5,1.8,1.0954451150103324,1.0,2.0,2.0,1.0,3.0,0,,,,,
Found_His_Perfect_Wife_ALASKA,62,2,strong,1,230,2,3.5,0.7071067811865476,3.5,0.5,1.0,3.0,4.0,0,,,,,
Love_by_Proxy_ILLINOIS,1,0,absent,0,296,1,,,,,,,,0,,,,,
Love_by_Proxy_ILLINOIS,2,2,strong,1,752,13,2.946153846153846,0.45206080825368433,3.0,0.0,2.0,2.0,4.0,2,3.5,0.7071067811865476,3.5,0.5,1.0
Love_by_Proxy_ILLINOIS,3,0,absent,0,130,2,3.5,0.0,3.5,0.0,0.0,3.5,3.5,0,,,,,
Love_by_Proxy_ILLINOIS,4,1,weak,1,525,10,3.1,0.31622776601683794,3.0,0.0,1.0,3.0,4.0,1,,,,,
Love_by_Proxy_ILLINOIS,5,1,weak,1,304,0,,,,,,,,1,,,,,
Love_by_Proxy_ILLINOIS,6,0,absent,0,2040,42,3.011904761904762,0.5464753496560016,3.0,0.0,3.0,1.0,4.0,1,,,,,
Love_by_Proxy_ILLINOIS,7,0,absent,0,307,1,,,,,,,,0,,,,,
Love_by_Proxy_ILLINOIS,8,0,absent,0,245,6,3.5,0.5477225575051661,3.5,1.0,1.0,3.0,4.0,0,,,,,
Love_by_Proxy_ILLINOIS,9,1,weak,1,181,4,3.375,0.47871355387816905,3.25,0.625,1.0,3.0,4.0,1,,,,,
Love_by_Proxy_ILLINOIS,10,1,weak,1,387,8,3.375,0.5175491695067657,3.0,1.0,1.0,3.0,4.0,0,,,,,
Love_by_Proxy_ILLINOIS,11,1,weak,1,246,4,3.0,0.0,3.0,0.0,0.0,3.0,3.0,0,,,,,
Love_by_Proxy_ILLINOIS,12,0,absent,0,167,1,,,,,,,,1,,,,,
Love_by_Proxy_ILLINOIS,13,0,absent,0,652,8,3.25,0.4629100498862757,3.0,0.25,1.0,3.0,4.0,1,,,,,
Love_by_Proxy_ILLINOIS,14,0,absent,0,916,30,3.0266666666666664,0.5483098377385907,3.0,0.0,3.0,1.0,4.0,2,3.0,0.0,3.0,0.0,0.0
Love_by_Proxy_ILLINOIS,15,0,absent,0,660,19,3.263157894736842,0.4524139283588641,3.0,0.5,1.0,3.0,4.0,0,,,,,
Love_by_Proxy_ILLINOIS,16,0,absent,0,305,1,,,,,,,,1,,,,,
Love_by_Proxy_ILLINOIS,17,1,weak,1,1527,25,2.92,0.4932882862316247,3.0,0.0,2.0,2.0,4.0,3,4.0,0.0,4.0,0.0,0.0
Love_by_Proxy_ILLINOIS,18,1,weak,1,1262,19,2.8684210526315788,0.5487892041970895,3.0,0.0,2.5,1.5,4.0,1,,,,,
Love_by_Proxy_ILLINOIS,19,0,absent,0,1344,16,3.1875,0.35939764421413045,3.0,0.125,1.0,3.0,4.0,2,4.25,0.3535533905932738,4.25,0.25,0.5
Love_by_Proxy_ILLINOIS,20,0,absent,0,651,15,3.066666666666667,0.7037315505489967,3.0,0.0,3.0,1.0,4.0,0,,,,,
Love_by_Proxy_ILLINOIS,21,0,absent,0,382,10,3.25,0.5400617248673217,3.0,0.75,1.5,2.5,4.0,0,,,,,
Love_by_Proxy_ILLINOIS,22,0,absent,0,187,0,,,,,,,,0,,,,,
Love_by_Proxy_ILLINOIS,23,0,absent,0,1106,16,2.98125,0.815858443604036,3.0,0.6749999999999998,3.0,1.0,4.0,0,,,,,
Love_by_Proxy_ILLINOIS,24,1,weak,1,657,15,2.6333333333333333,0.8549575316659775,3.0,0.0,2.5,1.0,3.5,0,,,,,
Love_by_Proxy_ILLINOIS,25,2,strong,1,1865,31,2.7903225806451615,0.5287436926083547,3.0,0.75,2.0,2.0,4.0,1,,,,,
Love_by_Proxy_ILLINOIS,26,1,weak,1,346,0,,,,,,,,0,,,,,
Love_by_Proxy_ILLINOIS,27,0,absent,0,129,1,,,,,,,,0,,,,,
Love_by_Proxy_ILLINOIS,28,1,weak,1,805,20,2.6,0.9947229183096801,3.0,1.0,3.0,1.0,4.0,1,,,,,
Love_by_Proxy_ILLINOIS,29,2,strong,1,1330,25,2.5,0.7905694150420949,3.0,1.0,3.0,1.0,4.0,0,,,,,
Love_by_Proxy_ILLINOIS,30,0,absent,0,39,1,,,,,,,,0,,,,,
Love_by_Proxy_ILLINOIS,31,0,absent,0,152,4,3.0,1.4142135623730951,3.5,1.5,3.0,1.0,4.0,1,,,,,
Love_by_Proxy_ILLINOIS,32,0,absent,0,323,5,3.2,0.8366600265340756,3.0,1.0,2.0,2.0,4.0,0,,,,,
Love_by_Proxy_ILLINOIS,33,0,absent,0,658,8,3.0,0.0,3.0,0.0,0.0,3.0,3.0,2,2.75,0.3535533905932738,2.75,0.25,0.5
Love_by_Proxy_ILLINOIS,34,0,absent,0,245,6,3.1666666666666665,0.40824829046386296,3.0,0.0,1.0,3.0,4.0,0,,,,,
Love_by_Proxy_ILLINOIS,35,0,absent,0,82,0,,,,,,,,0,,,,,
Love_by_Proxy_ILLINOIS,36,0,absent,0,197,5,3.0,0.0,3.0,0.0,0.0,3.0,3.0,0,,,,,
Love_by_Proxy_ILLINOIS,37,0,absent,0,123,0,,,,,,,,0,,,,,
Love_by_Proxy_ILLINOIS,38,0,absent,0,270,7,3.0,0.0,3.0,0.0,0.0,3.0,3.0,1,,,,,
Love_by_Proxy_ILLINOIS,39,1,weak,1,508,12,3.0833333333333335,0.28867513459481287,3.0,0.0,1.0,3.0,4.0,0,,,,,
Love_by_Proxy_ILLINOIS,40,1,weak,1,240,1,,,,,,,,0,,,,,
Love_by_Proxy_ILLINOIS,41,2,strong,1,1326,27,2.740740740740741,0.5779667672501456,3.0,0.0,2.0,1.0,3.0,1,,,,,
Love_by_Proxy_ILLINOIS,42,1,weak,1,359,1,,,,,,,,1,,,,,
Love_by_Proxy_ILLINOIS,43,0,absent,0,165,0,,,,,,,,0,,,,,
Love_by_Proxy_ILLINOIS,44,1,weak,1,1059,29,2.7517241379310344,0.7452807187588409,3.0,1.0,3.0,1.0,4.0,1,,,,,
Love_by_Proxy_ILLINOIS,45,2,strong,1,1918,46,2.6739130434782608,0.8179744040028788,3.0,1.0,3.0,1.0,4.0,1,,,,,
Love_by_Proxy_ILLINOIS,46,1,weak,1,271,2,2.0,1.4142135623730951,2.0,1.0,2.0,1.0,3.0,0,,,,,
Love_by_Proxy_ILLINOIS,47,1,weak,1,554,7,2.7142857142857144,0.9511897312113419,3.0,0.5,3.0,1.0,4.0,0,,,,,
Love_by_Proxy_ILLINOIS,48,1,weak,1,428,12,3.125,0.5276448530110863,3.0,0.125,2.0,2.0,4.0,0,,,,,
Love_by_Proxy_ILLINOIS,49,0,absent,0,109,1,,,,,,,,0,,,,,
Love_by_Proxy_ILLINOIS,50,1,weak,1,190,4,3.0,0.0,3.0,0.0,0.0,3.0,3.0,0,,,,,
Love_by_Proxy_ILLINOIS,51,1,weak,1,194,0,,,,,,,,0,,,,,
Love_by_Proxy_ILLINOIS,52,1,weak,1,287,5,3.2,0.44721359549995787,3.0,0.0,1.0,3.0,4.0,0,,,,,
Love_by_Proxy_ILLINOIS,53,0,absent,0,69,0,,,,,,,,0,,,,,
Love_by_Proxy_ILLINOIS,54,0,absent,0,330,8,3.0,0.5345224838248488,3.0,0.0,2.0,2.0,4.0,0,,,,,
Love_by_Proxy_ILLINOIS,55,1,weak,1,430,1,,,,,,,,0,,,,,
Love_by_Proxy_ILLINOIS,56,0,absent,0,149,1,,,,,,,,0,,,,,
Love_by_Proxy_ILLINOIS,57,1,weak,1,443,3,3.3333333333333335,0.5773502691896258,3.0,0.5,1.0,3.0,4.0,0,,,,,
Love_by_Proxy_ILLINOIS,58,0,absent,0,140,0,,,,,,,,0,,,,,
Love_by_Proxy_ILLINOIS,59,1,weak,1,653,12,3.4583333333333335,0.498102459947811,3.25,1.0,1.0,3.0,4.0,1,,,,,
Love_by_Proxy_ILLINOIS,60,0,absent,0,81,0,,,,,,,,0,,,,,
Love_by_Proxy_ILLINOIS,61,0,absent,0,373,10,3.05,0.15811388300841897,3.0,0.0,0.5,3.0,3.5,0,,,,,
Love_by_Proxy_ILLINOIS,62,2,strong,1,489,7,3.2857142857142856,0.7559289460184545,3.0,1.0,2.0,2.0,4.0,0,,,,,
Love_by_Proxy_ILLINOIS,63,0,absent,0,700,12,2.9166666666666665,0.4687184332805461,3.0,0.125,2.0,2.0,4.0,0,,,,,
Love_by_Proxy_ILLINOIS,64,1,weak,1,447,3,3.6666666666666665,0.5773502691896258,4.0,0.5,1.0,3.0,4.0,0,,,,,
Love_by_Proxy_ILLINOIS,65,0,absent,0,706,12,2.6666666666666665,0.44381268229929727,3.0,0.625,1.0,2.0,3.0,0,,,,,
Love_by_Proxy_ILLINOIS,66,0,absent,0,285,0,,,,,,,,0,,,,,
Love_by_Proxy_ILLINOIS,67,0,absent,0,128,3,3.5,0.5,3.5,0.5,1.0,3.0,4.0,0,,,,,
Love_by_Proxy_ILLINOIS,68,0,absent,0,65,0,,,,,,,,0,,,,,
Love_by_Proxy_ILLINOIS,69,0,absent,0,487,10,3.2,0.4216370213557839,3.0,0.0,1.0,3.0,4.0,0,,,,,
Love_by_Proxy_ILLINOIS,70,0,absent,0,586,10,3.05,0.4972144630058766,3.0,0.0,2.0,2.0,4.0,0,,,,,
Love_by_Proxy_ILLINOIS,71,0,absent,0,155,4,3.25,0.5,3.0,0.25,1.0,3.0,4.0,1,,,,,
Love_by_Proxy_ILLINOIS,72,0,absent,0,655,10,2.9,0.31622776601683794,3.0,0.0,1.0,2.0,3.0,0,,,,,
Love_by_Proxy_ILLINOIS,73,0,absent,0,1776,31,2.661290322580645,0.5684349387308036,3.0,0.75,3.0,1.0,4.0,2,4.0,0.0,4.0,0.0,0.0
Love_by_Proxy_ILLINOIS,74,2,strong,1,1569,28,2.6785714285714284,0.6267831705280086,3.0,1.0,3.0,1.0,4.0,0,,,,,
Love_by_Proxy_ILLINOIS,75,1,weak,1,239,0,,,,,,,,0,,,,,
Love_by_Proxy_ILLINOIS,76,2,strong,1,1266,30,2.4833333333333334,1.0544105505899504,2.0,1.0,3.0,1.0,4.0,4,3.5,1.0,4.0,0.5,2.0
Love_by_Proxy_ILLINOIS,77,2,strong,1,303,4,3.075,0.6994045086119096,3.0,0.4249999999999998,1.7000000000000002,2.3,4.0,0,,,,,
Midnight_Wishes_WYOMING,1,1,weak,1,790,8,3.4375,0.6232117273791125,3.5,1.0,1.5,2.5,4.0,3,2.3333333333333335,1.5275252316519465,2.0,1.5,3.0
Midnight_Wishes_WYOMING,2,1,weak,1,643,3,3.6666666666666665,0.5773502691896258,4.0,0.5,1.0,3.0,4.0,0,,,,,
Midnight_Wishes_WYOMING,3,0,absent,0,191,1,,,,,,,,0,,,,,
Midnight_Wishes_WYOMING,4,0,absent,0,219,0,,,,,,,,0,,,,,
Midnight_Wishes_WYOMING,5,0,absent,0,1183,9,2.7222222222222223,1.034139470499238,3.0,0.0,3.0,1.0,4.0,0,,,,,
Midnight_Wishes_WYOMING,6,1,weak,1,231,0,,,,,,,,1,,,,,
Midnight_Wishes_WYOMING,7,1,weak,1,412,1,,,,,,,,1,,,,,
Midnight_Wishes_WYOMING,8,0,absent,0,536,1,,,,,,,,0,,,,,
Midnight_Wishes_WYOMING,9,1,weak,1,1006,7,2.857142857142857,0.37796447300922725,3.0,0.0,1.0,2.0,3.0,2,3.5,0.7071067811865476,3.5,0.5,1.0
Midnight_Wishes_WYOMING,10,0,absent,0,442,4,3.25,0.5,3.0,0.25,1.0,3.0,4.0,0,,,,,
Midnight_Wishes_WYOMING,11,0,absent,0,375,2,3.0,0.0,3.0,0.0,0.0,3.0,3.0,1,,,,,
Midnight_Wishes_WYOMING,12,0,absent,0,528,3,3.3333333333333335,0.5773502691896258,3.0,0.5,1.0,3.0,4.0,0,,,,,
Midnight_Wishes_WYOMING,13,1,weak,1,422,2,2.0,1.4142135623730951,2.0,1.0,2.0,1.0,3.0,0,,,,,
Midnight_Wishes_WYOMING,14,1,weak,1,851,2,3.5,0.7071067811865476,3.5,0.5,1.0,3.0,4.0,1,,,,,
Midnight_Wishes_WYOMING,15,0,absent,0,410,0,,,,,,,,0,,,,,
Midnight_Wishes_WYOMING,16,0,absent,0,645,7,3.0,0.5773502691896257,3.0,0.0,2.0,2.0,4.0,1,,,,,
Midnight_Wishes_WYOMING,17,0,absent,0,105,0,,,,,,,,0,,,,,
Midnight_Wishes_WYOMING,18,0,absent,0,588,2,3.0,0.0,3.0,0.0,0.0,3.0,3.0,4,1.875,0.8539125638299665,1.75,0.875,2.0
Midnight_Wishes_WYOMING,19,0,absent,0,455,5,3.0,0.0,3.0,0.0,0.0,3.0,3.0,0,,,,,
Midnight_Wishes_WYOMING,20,0,absent,0,1077,13,3.0384615384615383,0.13867504905630726,3.0,0.0,0.5,3.0,3.5,0,,,,,
Midnight_Wishes_WYOMING,21,1,weak,1,199,4,3.5,0.5773502691896257,3.5,1.0,1.0,3.0,4.0,0,,,,,
Midnight_Wishes_WYOMING,22,1,weak,1,524,4,2.375,0.9464847243000456,2.75,0.875,2.0,1.0,3.0,0,,,,,
Midnight_Wishes_WYOMING,23,1,weak,1,710,7,2.9285714285714284,0.18898223650461363,3.0,0.0,0.5,2.5,3.0,1,,,,,
Midnight_Wishes_WYOMING,24,2,strong,1,369,3,2.8333333333333335,0.7637626158259733,3.0,0.75,1.5,2.0,3.5,0,,,,,
Midnight_Wishes_WYOMING,25,1,weak,1,386,4,3.0,0.0,3.0,0.0,0.0,3.0,3.0,0,,,,,
Midnight_Wishes_WYOMING,26,0,absent,0,221,2,3.0,0.0,3.0,0.0,0.0,3.0,3.0,0,,,,,
Midnight_Wishes_WYOMING,27,1,weak,1,282,4,3.25,0.5,3.0,0.25,1.0,3.0,4.0,1,,,,,
Midnight_Wishes_WYOMING,28,1,weak,1,1124,9,2.7777777777777777,0.6666666666666667,3.0,0.0,2.0,1.0,3.0,0,,,,,
Midnight_Wishes_WYOMING,29,2,strong,1,858,3,3.3333333333333335,0.5773502691896258,3.0,0.5,1.0,3.0,4.0,4,3.625,0.75,3.5,1.125,1.5
Midnight_Wishes_WYOMING,30,2,strong,1,525,3,3.0,0.0,3.0,0.0,0.0,3.0,3.0,4,4.125,0.8539125638299665,4.25,0.875,2.0
Midnight_Wishes_WYOMING,31,1,weak,1,310,6,2.8333333333333335,0.983192080250175,3.0,0.0,3.0,1.0,4.0,0,,,,,
Midnight_Wishes_WYOMING,32,0,absent,0,98,0,,,,,,,,0,,,,,
Midnight_Wishes_WYOMING,33,1,weak,1,255,2,2.5,0.7071067811865476,2.5,0.5,1.0,2.0,3.0,0,,,,,
Midnight_Wishes_WYOMING,34,0,absent,0,510,4,3.25,0.5,3.0,0.25,1.0,3.0,4.0,1,,,,,
Midnight_Wishes_WYOMING,35,2,strong,1,356,4,3.0,0.0,3.0,0.0,0.0,3.0,3.0,0,,,,,
Midnight_Wishes_WYOMING,36,2,strong,1,492,1,,,,,,,,0,,,,,
Midnight_Wishes_WYOMING,37,1,weak,1,928,7,2.7857142857142856,1.07459848537112,3.0,1.25,3.0,1.0,4.0,0,,,,,
Midnight_Wishes_WYOMING,38,1,weak,1,341,0,,,,,,,,0,,,,,
Midnight_Wishes_WYOMING,39,1,weak,1,584,5,3.2,0.4472135954999579,3.0,0.0,1.0,3.0,4.0,0,,,,,
Midnight_Wishes_WYOMING,40,1,weak,1,893,12,2.7916666666666665,0.98761267097926,3.0,0.375,3.0,1.0,4.0,1,,,,,
Midnight_Wishes_WYOMING,41,1,weak,1,431,5,2.9,0.7416198487095663,3.0,0.5,2.0,2.0,4.0,0,,,,,
Midnight_Wishes_WYOMING,42,0,absent,0,241,0,,,,,,,,0,,,,,
Midnight_Wishes_WYOMING,43,1,weak,1,281,1,,,,,,,,0,,,,,
Midnight_Wishes_WYOMING,44,1,weak,1,530,5,3.0,0.0,3.0,0.0,0.0,3.0,3.0,1,,,,,
Midnight_Wishes_WYOMING,45,0,absent,0,534,3,3.0,0.0,3.0,0.0,0.0,3.0,3.0,1,,,,,
Midnight_Wishes_WYOMING,46,0,absent,0,508,5,2.9,0.7416198487095663,3.0,0.5,2.0,2.0,4.0,1,,,,,
Midnight_Wishes_WYOMING,47,0,absent,0,346,3,3.0,0.0,3.0,0.0,0.0,3.0,3.0,0,,,,,
Midnight_Wishes_WYOMING,48,0,absent,0,537,4,3.25,0.5,3.0,0.25,1.0,3.0,4.0,0,,,,,
Midnight_Wishes_WYOMING,49,1,weak,1,418,8,3.1625,0.3543101950067402,3.0,0.07500000000000018,1.0,3.0,4.0,0,,,,,
Midnight_Wishes_WYOMING,50,0,absent,0,843,5,2.9,0.8944271909999159,3.0,0.0,2.5,1.5,4.0,1,,,,,
Midnight_Wishes_WYOMING,51,0,absent,0,552,2,3.0,0.0,3.0,0.0,0.0,3.0,3.0,0,,,,,
Midnight_Wishes_WYOMING,52,0,absent,0,110,2,3.0,0.0,3.0,0.0,0.0,3.0,3.0,0,,,,,
Midnight_Wishes_WYOMING,53,0,absent,0,160,1,,,,,,,,1,,,,,
Midnight_Wishes_WYOMING,54,1,weak,1,441,5,3.0,0.0,3.0,0.0,0.0,3.0,3.0,5,2.8,1.0954451150103321,3.0,0.0,3.0
Midnight_Wishes_WYOMING,55,1,weak,1,514,6,3.0,1.2649110640673518,3.5,1.75,3.0,1.0,4.0,3,3.0,0.8660254037844386,2.5,0.75,1.5
Midnight_Wishes_WYOMING,56,1,weak,1,510,3,1.6666666666666667,1.1547005383792517,1.0,1.0,2.0,1.0,3.0,1,,,,,
Midnight_Wishes_WYOMING,57,1,weak,1,1326,9,2.6666666666666665,1.0,3.0,0.0,3.0,1.0,4.0,0,,,,,
Midnight_Wishes_WYOMING,58,2,strong,1,546,6,2.5,0.8366600265340756,3.0,0.75,2.0,1.0,3.0,0,,,,,
Midnight_Wishes_WYOMING,59,1,weak,1,978,10,3.1,0.31622776601683794,3.0,0.0,1.0,3.0,4.0,1,,,,,
Midnight_Wishes_WYOMING,60,1,weak,1,175,0,,,,,,,,0,,,,,
Midnight_Wishes_WYOMING,61,1,weak,1,1847,16,2.8125,0.8341662504161466,3.0,0.5,3.0,1.0,4.0,4,2.75,0.5,3.0,0.25,1.0
Midnight_Wishes_WYOMING,62,2,strong,1,603,5,3.2,1.0954451150103321,3.0,0.0,3.0,2.0,5.0,0,,,,,
Midnight_Wishes_WYOMING,63,1,weak,1,1880,14,2.9642857142857144,0.9295219142177279,3.0,1.625,3.0,1.0,4.0,0,,,,,
Midnight_Wishes_WYOMING,64,1,weak,1,246,1,,,,,,,,1,,,,,
Midnight_Wishes_WYOMING,65,1,weak,1,310,0,,,,,,,,0,,,,,
Midnight_Wishes_WYOMING,66,0,absent,0,720,3,3.0,0.0,3.0,0.0,0.0,3.0,3.0,0,,,,,
Midnight_Wishes_WYOMING,67,1,weak,1,162,0,,,,,,,,0,,,,,
Midnight_Wishes_WYOMING,68,0,absent,0,716,6,2.8333333333333335,0.983192080250175,3.0,0.0,3.0,1.0,4.0,1,,,,,
Midnight_Wishes_WYOMING,69,1,weak,1,438,2,2.75,0.3535533905932738,2.75,0.25,0.5,2.5,3.0,0,,,,,
Midnight_Wishes_WYOMING,70,1,weak,1,537,6,2.5,1.0488088481701516,2.5,1.0,3.0,1.0,4.0,0,,,,,
Midnight_Wishes_WYOMING,71,1,weak,1,1092,9,3.111111111111111,0.33333333333333337,3.0,0.0,1.0,3.0,4.0,1,,,,,
Midnight_Wishes_WYOMING,72,1,weak,1,1678,18,2.9444444444444446,0.16169041669088866,3.0,0.0,0.5,2.5,3.0,1,,,,,
Midnight_Wishes_WYOMING,73,0,absent,0,1273,7,2.9285714285714284,0.18898223650461363,3.0,0.0,0.5,2.5,3.0,0,,,,,
Midnight_Wishes_WYOMING,74,1,weak,1,355,3,3.3333333333333335,0.5773502691896258,3.0,0.5,1.0,3.0,4.0,1,,,,,
Midnight_Wishes_WYOMING,75,1,weak,1,860,10,3.25,0.5400617248673217,3.0,0.75,1.5,2.5,4.0,1,,,,,
Midnight_Wishes_WYOMING,76,1,weak,1,513,5,3.2,0.44721359549995787,3.0,0.0,1.0,3.0,4.0,0,,,,,
Midnight_Wishes_WYOMING,77,0,absent,0,956,11,3.1818181818181817,0.560032466591325,3.0,0.5,1.5,2.5,4.0,0,,,,,
Midnight_Wishes_WYOMING,78,1,weak,1,1217,4,3.0,0.0,3.0,0.0,0.0,3.0,3.0,1,,,,,
Midnight_Wishes_WYOMING,79,2,strong,1,382,5,3.2,0.44721359549995787,3.0,0.0,1.0,3.0,4.0,1,,,,,
Midnight_Wishes_WYOMING,80,2,strong,1,288,3,2.6666666666666665,0.5773502691896258,3.0,0.5,1.0,2.0,3.0,0,,,,,
Midnight_Wishes_WYOMING,81,1,weak,1,602,5,3.34,0.4774934554525329,3.0,0.7000000000000002,1.0,3.0,4.0,0,,,,,
Midnight_Wishes_WYOMING,82,1,weak,1,438,4,2.625,1.1086778913041726,3.0,0.625,2.5,1.0,3.5,1,,,,,
Midnight_Wishes_WYOMING,83,1,weak,1,807,9,2.888888888888889,0.927960727138337,3.0,0.0,3.0,1.0,4.0,2,4.0,0.0,4.0,0.0,0.0
Midnight_Wishes_WYOMING,84,1,weak,1,292,0,,,,,,,,0,,,,,
Midnight_Wishes_WYOMING,85,1,weak,1,1429,8,3.0,0.9258200997725514,3.0,0.25,3.0,1.0,4.0,0,,,,,
Midnight_Wishes_WYOMING,86,1,weak,1,704,4,3.0,0.0,3.0,0.0,0.0,3.0,3.0,1,,,,,
Midnight_Wishes_WYOMING,87,1,weak,1,360,1,,,,,,,,0,,,,,
Midnight_Wishes_WYOMING,88,1,weak,1,422,2,2.0,1.4142135623730951,2.0,1.0,2.0,1.0,3.0,0,,,,,
Midnight_Wishes_WYOMING,89,0,absent,0,506,3,3.0,0.0,3.0,0.0,0.0,3.0,3.0,1,,,,,
Midnight_Wishes_WYOMING,90,0,absent,0,330,0,,,,,,,,3,2.0,1.7320508075688772,1.0,1.5,3.0
Midnight_Wishes_WYOMING,91,1,weak,1,1371,14,2.6214285714285714,0.7637746057258308,3.0,0.4500000000000002,2.5,1.0,3.5,0,,,,,
Midnight_Wishes_WYOMING,92,1,weak,1,1011,8,3.0625,0.4172614801981401,3.0,0.0,1.5,2.5,4.0,1,,,,,
Midnight_Wishes_WYOMING,93,1,weak,1,1341,17,3.0,0.0,3.0,0.0,0.0,3.0,3.0,2,2.75,0.3535533905932738,2.75,0.25,0.5
Midnight_Wishes_WYOMING,94,2,strong,1,657,10,3.2,1.1352924243950933,3.0,1.0,4.0,1.0,5.0,3,3.6666666666666665,0.5773502691896258,4.0,0.5,1.0
Midnight_Wishes_WYOMING,95,1,weak,1,469,6,3.0,1.0954451150103321,3.0,0.75,3.0,1.0,4.0,1,,,,,
Midnight_Wishes_WYOMING,96,1,weak,1,528,1,,,,,,,,0,,,,,
Midnight_Wishes_WYOMING,97,1,weak,1,640,3,2.3333333333333335,1.1547005383792515,3.0,1.0,2.0,1.0,3.0,0,,,,,
Midnight_Wishes_WYOMING,98,1,weak,1,941,10,3.05,0.5986094998689323,3.0,0.0,2.0,2.0,4.0,0,,,,,
Midnight_Wishes_WYOMING,99,0,absent,0,152,4,3.25,0.5,3.0,0.25,1.0,3.0,4.0,0,,,,,
Midnight_Wishes_WYOMING,100,0,absent,0,343,4,3.25,0.5,3.0,0.25,1.0,3.0,4.0,0,,,,,
Pros_and_Cons_MASSACHUSETTS,1,0,absent,0,1209,20,2.7,0.7326950970650465,3.0,0.0,2.0,1.0,3.0,1,,,,,
Pros_and_Cons_MASSACHUSETTS,2,0,absent,0,5813,70,3.1142857142857143,0.5189972813549512,3.0,0.0,4.0,1.0,5.0,3,3.6666666666666665,0.5773502691896258,4.0,0.5,1.0
Pros_and_Cons_MASSACHUSETTS,3,1,weak,1,760,4,3.25,0.5,3.0,0.25,1.0,3.0,4.0,0,,,,,
Pros_and_Cons_MASSACHUSETTS,4,0,absent,0,1030,6,3.1666666666666665,0.408248290463863,3.0,0.0,1.0,3.0,4.0,0,,,,,
Pros_and_Cons_MASSACHUSETTS,5,1,weak,1,467,3,3.0,0.0,3.0,0.0,0.0,3.0,3.0,0,,,,,
Pros_and_Cons_MASSACHUSETTS,6,0,absent,0,103,1,,,,,,,,0,,,,,
Pros_and_Cons_MASSACHUSETTS,7,0,absent,0,179,1,,,,,,,,0,,,,,
Pros_and_Cons_MASSACHUSETTS,8,0,absent,0,223,2,2.5,0.7071067811865476,2.5,0.5,1.0,2.0,3.0,0,,,,,
Pros_and_Cons_MASSACHUSETTS,9,1,weak,1,765,2,3.5,0.7071067811865476,3.5,0.5,1.0,3.0,4.0,0,,,,,
Pros_and_Cons_MASSACHUSETTS,10,0,absent,0,278,0,,,,,,,,0,,,,,
Pros_and_Cons_MASSACHUSETTS,11,1,weak,1,565,9,3.0,0.0,3.0,0.0,0.0,3.0,3.0,0,,,,,
Pros_and_Cons_MASSACHUSETTS,12,0,absent,0,720,13,3.0,0.408248290463863,3.0,0.0,2.0,2.0,4.0,0,,,,,
Pros_and_Cons_MASSACHUSETTS,13,1,weak,1,362,2,3.0,0.0,3.0,0.0,0.0,3.0,3.0,0,,,,,
Pros_and_Cons_MASSACHUSETTS,14,0,absent,0,279,3,3.0,0.0,3.0,0.0,0.0,3.0,3.0,1,,,,,
Pros_and_Cons_MASSACHUSETTS,15,1,weak,1,464,8,2.625,0.7440238091428449,3.0,0.25,2.0,1.0,3.0,0,,,,,
Pros_and_Cons_MASSACHUSETTS,16,0,absent,0,360,4,3.5,0.5773502691896257,3.5,1.0,1.0,3.0,4.0,0,,,,,
Pros_and_Cons_MASSACHUSETTS,17,0,absent,0,93,1,,,,,,,,0,,,,,
Pros_and_Cons_MASSACHUSETTS,18,0,absent,0,81,0,,,,,,,,0,,,,,
Pros_and_Cons_MASSACHUSETTS,19,0,absent,0,591,11,3.272727272727273,0.4670993664969137,3.0,0.5,1.0,3.0,4.0,1,,,,,
Pros_and_Cons_MASSACHUSETTS,20,0,absent,0,570,6,3.0,0.0,3.0,0.0,0.0,3.0,3.0,0,,,,,
Pros_and_Cons_MASSACHUSETTS,21,0,absent,0,872,2,3.0,0.0,3.0,0.0,0.0,3.0,3.0,0,,,,,
Pros_and_Cons_MASSACHUSETTS,22,0,absent,0,637,7,3.2857142857142856,0.4879500364742666,3.0,0.5,1.0,3.0,4.0,4,3.625,1.1086778913041726,3.5,1.375,2.5
Pros_and_Cons_MASSACHUSETTS,23,1,weak,1,133,1,,,,,,,,0,,,,,
Pros_and_Cons_MASSACHUSETTS,24,0,absent,0,535,1,,,,,,,,1,,,,,
Pros_and_Cons_MASSACHUSETTS,25,1,weak,1,460,5,3.1,0.22360679774997894,3.0,0.0,0.5,3.0,3.5,0,,,,,
Pros_and_Cons_MASSACHUSETTS,26,0,absent,0,1619,19,3.1315789473684212,0.32668814823747494,3.0,0.0,1.0,3.0,4.0,1,,,,,
Pros_and_Cons_MASSACHUSETTS,27,1,weak,1,406,3,3.0,0.0,3.0,0.0,0.0,3.0,3.0,1,,,,,
Pros_and_Cons_MASSACHUSETTS,28,1,weak,1,297,1,,,,,,,,0,,,,,
Pros_and_Cons_MASSACHUSETTS,29,1,weak,1,228,1,,,,,,,,0,,,,,
Pros_and_Cons_MASSACHUSETTS,30,0,absent,0,3049,40,2.9,0.6998168258505862,3.0,0.0,3.0,1.0,4.0,6,3.0,1.0954451150103321,3.0,0.75,3.0
Pros_and_Cons_MASSACHUSETTS,31,1,weak,1,4957,56,3.017857142857143,0.563788207447746,3.0,0.0,4.0,1.0,5.0,3,3.0,0.0,3.0,0.0,0.0
Pros_and_Cons_MASSACHUSETTS,32,0,absent,0,68,0,,,,,,,,0,,,,,
Pros_and_Cons_MASSACHUSETTS,33,2,strong,1,199,2,2.75,0.3535533905932738,2.75,0.25,0.5,2.5,3.0,0,,,,,
Pros_and_Cons_MASSACHUSETTS,34,1,weak,1,599,0,,,,,,,,0,,,,,
Pros_and_Cons_MASSACHUSETTS,35,1,weak,1,1366,1,,,,,,,,0,,,,,
Pros_and_Cons_MASSACHUSETTS,36,1,weak,1,205,4,3.0,0.0,3.0,0.0,0.0,3.0,3.0,0,,,,,
Pros_and_Cons_MASSACHUSETTS,37,0,absent,0,198,0,,,,,,,,0,,,,,
Pros_and_Cons_MASSACHUSETTS,38,1,weak,1,3122,47,2.9680851063829787,0.31971888669968884,3.0,0.0,2.0,2.0,4.0,0,,,,,
Pros_and_Cons_MASSACHUSETTS,39,1,weak,1,190,0,,,,,,,,0,,,,,
Pros_and_Cons_MASSACHUSETTS,40,0,absent,0,2145,32,2.96875,0.4003526671130294,3.0,0.0,3.0,1.0,4.0,0,,,,,
Pros_and_Cons_MASSACHUSETTS,41,1,weak,1,315,0,,,,,,,,1,,,,,
Pros_and_Cons_MASSACHUSETTS,42,0,absent,0,803,9,3.0,0.0,3.0,0.0,0.0,3.0,3.0,0,,,,,
Pros_and_Cons_MASSACHUSETTS,43,0,absent,0,193,2,3.0,0.0,3.0,0.0,0.0,3.0,3.0,0,,,,,
Pros_and_Cons_MASSACHUSETTS,44,0,absent,0,121,0,,,,,,,,0,,,,,
Pros_and_Cons_MASSACHUSETTS,45,0,absent,0,195,2,3.0,0.0,3.0,0.0,0.0,3.0,3.0,0,,,,,
Pros_and_Cons_MASSACHUSETTS,46,2,strong,1,2285,18,3.261111111111111,0.5872557203176072,3.0,0.0,2.3,2.7,5.0,2,2.0,1.4142135623730951,2.0,1.0,2.0
Pros_and_Cons_MASSACHUSETTS,47,0,absent,0,460,0,,,,,,,,0,,,,,
Pros_and_Cons_MASSACHUSETTS,48,0,absent,0,320,0,,,,,,,,0,,,,,
Pros_and_Cons_MASSACHUSETTS,49,1,weak,1,186,5,2.6,0.8944271909999161,3.0,0.0,2.0,1.0,3.0,0,,,,,
Pros_and_Cons_MASSACHUSETTS,50,1,weak,1,222,1,,,,,,,,0,,,,,
Pros_and_Cons_MASSACHUSETTS,51,0,absent,0,3194,34,2.8529411764705883,0.5577200851723332,3.0,0.0,3.0,1.0,4.0,0,,,,,
Pros_and_Cons_MASSACHUSETTS,52,1,weak,1,116,0,,,,,,,,0,,,,,
Pros_and_Cons_MASSACHUSETTS,53,1,weak,1,120,0,,,,,,,,0,,,,,
Pros_and_Cons_MASSACHUSETTS,54,1,weak,1,346,6,3.3333333333333335,0.5163977794943222,3.0,0.75,1.0,3.0,4.0,1,,,,,
Pros_and_Cons_MASSACHUSETTS,55,0,absent,0,1975,26,2.9615384615384617,0.34418242032610913,3.0,0.0,2.0,2.0,4.0,0,,,,,
Pros_and_Cons_MASSACHUSETTS,56,1,weak,1,461,6,3.1666666666666665,0.40824829046386296,3.0,0.0,1.0,3.0,4.0,0,,,,,
Pros_and_Cons_MASSACHUSETTS,57,1,weak,1,385,1,,,,,,,,0,,,,,
Pros_and_Cons_MASSACHUSETTS,58,0,absent,0,3965,56,3.0267857142857144,0.39794520930699695,3.0,0.0,2.0,2.0,4.0,3,2.6666666666666665,0.5773502691896258,3.0,0.5,1.0
Pros_and_Cons_MASSACHUSETTS,59,2,strong,1,929,8,2.6875,0.7039429765866795,2.75,1.0,2.0,2.0,4.0,0,,,,,
Pros_and_Cons_MASSACHUSETTS,60,1,weak,1,630,1,,,,,,,,0,,,,,
Pros_and_Cons_MASSACHUSETTS,61,1,weak,1,366,2,2.0,0.0,2.0,0.0,0.0,2.0,2.0,0,,,,,
Pros_and_Cons_MASSACHUSETTS,62,1,weak,1,246,10,2.75,1.0865337342004415,3.0,1.125,3.0,1.0,4.0,1,,,,,
Pros_and_Cons_MASSACHUSETTS,63,0,absent,0,1689,18,3.0555555555555554,0.4161761818978652,3.0,0.0,2.0,2.0,4.0,0,,,,,
Pros_and_Cons_MASSACHUSETTS,64,0,absent,0,241,9,3.1666666666666665,0.35355339059327373,3.0,0.0,1.0,3.0,4.0,1,,,,,
Pros_and_Cons_MASSACHUSETTS,65,0,absent,0,1702,22,2.977272727272727,0.4994585813246925,3.0,0.0,3.0,1.0,4.0,5,3.5,0.7071067811865476,4.0,1.0,1.5
Pros_and_Cons_MASSACHUSETTS,66,1,weak,1,287,0,,,,,,,,0,,,,,
Pros_and_Cons_MASSACHUSETTS,67,1,weak,1,857,2,3.75,0.3535533905932738,3.75,0.25,0.5,3.5,4.0,1,,,,,
Pros_and_Cons_MASSACHUSETTS,68,0,absent,0,331,2,2.5,2.1213203435596424,2.5,1.5,3.0,1.0,4.0,1,,,,,
Pros_and_Cons_MASSACHUSETTS,69,0,absent,0,182,0,,,,,,,,0,,,,,
Pros_and_Cons_MASSACHUSETTS,70,0,absent,0,542,8,2.9375,0.5629958132298016,3.0,0.125,2.0,2.0,4.0,0,,,,,
Pros_and_Cons_MASSACHUSETTS,71,0,absent,0,111,0,,,,,,,,0,,,,,
Pros_and_Cons_MASSACHUSETTS,72,1,weak,1,917,0,,,,,,,,1,,,,,
Pros_and_Cons_MASSACHUSETTS,73,1,weak,1,610,4,2.5,1.0,3.0,0.5,2.0,1.0,3.0,0,,,,,
Pros_and_Cons_MASSACHUSETTS,74,0,absent,0,246,2,2.5,0.7071067811865476,2.5,0.5,1.0,2.0,3.0,0,,,,,
Pros_and_Cons_MASSACHUSETTS,75,0,absent,0,2569,28,2.982142857142857,0.907603099511778,3.0,0.375,4.0,1.0,5.0,2,3.5,0.7071067811865476,3.5,0.5,1.0
Pros_and_Cons_MASSACHUSETTS,76,1,weak,1,1426,12,3.0833333333333335,0.7929614610987591,3.0,0.25,3.0,1.0,4.0,0,,,,,
Pros_and_Cons_MASSACHUSETTS,77,1,weak,1,411,6,3.0833333333333335,0.2041241452319315,3.0,0.0,0.5,3.0,3.5,0,,,,,
Pros_and_Cons_MASSACHUSETTS,78,1,weak,1,1271,11,3.1818181818181817,0.4045199174779452,3.0,0.0,1.0,3.0,4.0,0,,,,,
Pros_and_Cons_MASSACHUSETTS,79,1,weak,1,504,1,,,,,,,,0,,,,,
Pros_and_Cons_MASSACHUSETTS,80,0,absent,0,76,0,,,,,,,,0,,,,,
Pros_and_Cons_MASSACHUSETTS,81,1,weak,1,619,7,3.2857142857142856,0.48795003647426655,3.0,0.5,1.0,3.0,4.0,0,,,,,
Pros_and_Cons_MASSACHUSETTS,82,1,weak,1,295,1,,,,,,,,0,,,,,
Pros_and_Cons_MASSACHUSETTS,83,0,absent,0,92,1,,,,,,,,0,,,,,
Pros_and_Cons_MASSACHUSETTS,84,0,absent,0,311,2,3.0,0.0,3.0,0.0,0.0,3.0,3.0,0,,,,,
Pros_and_Cons_MASSACHUSETTS,85,1,weak,1,407,5,2.8,0.4472135954999579,3.0,0.0,1.0,2.0,3.0,0,,,,,
Pros_and_Cons_MASSACHUSETTS,86,0,absent,0,118,2,2.0,1.4142135623730951,2.0,1.0,2.0,1.0,3.0,0,,,,,
Pros_and_Cons_MASSACHUSETTS,87,1,weak,1,119,1,,,,,,,,0,,,,,
Pros_and_Cons_MASSACHUSETTS,88,0,absent,0,107,0,,,,,,,,1,,,,,
Pros_and_Cons_MASSACHUSETTS,89,0,absent,0,376,2,3.5,0.7071067811865476,3.5,0.5,1.0,3.0,4.0,0,,,,,
Pros_and_Cons_MASSACHUSETTS,90,1,weak,1,966,1,,,,,,,,0,,,,,
Pros_and_Cons_MASSACHUSETTS,91,1,weak,1,512,8,3.1875,0.37201190457142247,3.0,0.125,1.0,3.0,4.0,0,,,,,
Pros_and_Cons_MASSACHUSETTS,92,1,weak,1,3455,43,2.981395348837209,0.4836644911277358,3.0,0.0,3.0,1.0,4.0,1,,,,,
Tangled_Lies_HAWAII,1,0,absent,0,504,2,4.0,0.0,4.0,0.0,0.0,4.0,4.0,2,4.0,0.0,4.0,0.0,0.0
Tangled_Lies_HAWAII,2,0,absent,0,711,0,,,,,,,,8,3.875,0.6943650748294136,4.0,0.75,2.0
Tangled_Lies_HAWAII,3,0,absent,0,355,1,,,,,,,,2,3.5,0.7071067811865476,3.5,0.5,1.0
Tangled_Lies_HAWAII,4,0,absent,0,641,2,3.0,0.0,3.0,0.0,0.0,3.0,3.0,0,,,,,
Tangled_Lies_HAWAII,5,0,absent,0,1171,2,3.0,1.4142135623730951,3.0,1.0,2.0,2.0,4.0,0,,,,,
Tangled_Lies_HAWAII,6,0,absent,0,454,0,,,,,,,,1,,,,,
Tangled_Lies_HAWAII,7,0,absent,0,1192,6,3.1666666666666665,0.408248290463863,3.0,0.0,1.0,3.0,4.0,2,3.5,0.7071067811865476,3.5,0.5,1.0
Tangled_Lies_HAWAII,8,0,absent,0,1088,5,3.0,0.0,3.0,0.0,0.0,3.0,3.0,0,,,,,
Tangled_Lies_HAWAII,9,0,absent,0,733,4,3.125,0.6291528696058958,3.0,0.375,1.5,2.5,4.0,0,,,,,
Tangled_Lies_HAWAII,10,0,absent,0,1918,14,3.0357142857142856,0.771219955512187,3.0,0.375,3.0,1.0,4.0,6,3.8333333333333335,0.40824829046386296,4.0,0.0,1.0
Tangled_Lies_HAWAII,11,1,weak,1,286,1,,,,,,,,1,,,,,
Tangled_Lies_HAWAII,12,2,strong,1,363,3,3.1666666666666665,0.7637626158259733,3.0,0.75,1.5,2.5,4.0,0,,,,,
Tangled_Lies_HAWAII,13,1,weak,1,216,3,2.2333333333333334,0.6806859285554046,2.0,0.6499999999999999,1.3,1.7,3.0,0,,,,,
Tangled_Lies_HAWAII,14,0,absent,0,83,1,,,,,,,,2,2.4,0.14142135623730964,2.4,0.10000000000000053,0.20000000000000018
Tangled_Lies_HAWAII,15,0,absent,0,102,0,,,,,,,,0,,,,,
Tangled_Lies_HAWAII,16,1,weak,1,319,0,,,,,,,,0,,,,,
Tangled_Lies_HAWAII,17,1,weak,1,772,8,3.1875,0.37201190457142247,3.0,0.125,1.0,3.0,4.0,0,,,,,
Tangled_Lies_HAWAII,18,1,weak,1,1224,17,2.8823529411764706,0.8009644921262482,3.0,0.0,4.0,1.0,5.0,2,2.85,0.21213203435596414,2.85,0.14999999999999947,0.2999999999999998
Tangled_Lies_HAWAII,19,2,strong,1,221,4,2.875,0.25,3.0,0.125,0.5,2.5,3.0,0,,,,,
Tangled_Lies_HAWAII,20,0,absent,0,797,0,,,,,,,,1,,,,,
Tangled_Lies_HAWAII,21,0,absent,0,176,0,,,,,,,,0,,,,,
Tangled_Lies_HAWAII,22,1,weak,1,1168,13,3.1538461538461537,0.37553380809940534,3.0,0.0,1.0,3.0,4.0,1,,,,,
Tangled_Lies_HAWAII,23,0,absent,0,1405,10,3.5,0.8498365855987975,3.0,0.75,2.0,3.0,5.0,0,,,,,
Tangled_Lies_HAWAII,24,1,weak,1,741,1,,,,,,,,0,,,,,
Tangled_Lies_HAWAII,25,1,weak,1,775,3,3.1666666666666665,0.7637626158259733,3.0,0.75,1.5,2.5,4.0,1,,,,,
Tangled_Lies_HAWAII,26,1,weak,1,413,3,2.3333333333333335,1.1547005383792515,3.0,1.0,2.0,1.0,3.0,0,,,,,
Tangled_Lies_HAWAII,27,2,strong,1,1116,7,2.5,0.7637626158259734,3.0,0.75,2.0,1.0,3.0,2,3.5,0.7071067811865476,3.5,0.5,1.0
Tangled_Lies_HAWAII,28,0,absent,0,37,1,,,,,,,,0,,,,,
Tangled_Lies_HAWAII,29,0,absent,0,554,2,4.0,0.0,4.0,0.0,0.0,4.0,4.0,2,4.0,0.0,4.0,0.0,0.0
Tangled_Lies_HAWAII,30,1,weak,1,895,7,2.9285714285714284,0.18898223650461363,3.0,0.0,0.5,2.5,3.0,0,,,,,
Tangled_Lies_HAWAII,31,1,weak,1,1582,7,3.2142857142857144,1.2863754913562,3.0,1.25,4.0,1.0,5.0,2,2.5,2.1213203435596424,2.5,1.5,3.0
Tangled_Lies_HAWAII,32,1,weak,1,335,3,3.6666666666666665,0.5773502691896258,4.0,0.5,1.0,3.0,4.0,0,,,,,
Tangled_Lies_HAWAII,33,1,weak,1,1000,17,2.8823529411764706,0.820240280434373,3.0,0.5,3.5,1.0,4.5,8,3.75,1.0,4.0,1.5,3.0
Tangled_Lies_HAWAII,34,1,weak,1,634,1,,,,,,,,1,,,,,
Tangled_Lies_HAWAII,35,0,absent,0,2490,23,3.008695652173913,0.5107152235108052,3.0,0.0,3.0,1.0,4.0,0,,,,,
Tangled_Lies_HAWAII,36,0,absent,0,1704,20,3.05,0.48395302077349356,3.0,0.0,2.0,2.0,4.0,0,,,,,
Tangled_Lies_HAWAII,37,1,weak,1,543,2,3.0,0.0,3.0,0.0,0.0,3.0,3.0,0,,,,,
Tangled_Lies_HAWAII,38,1,weak,1,1896,14,3.4071428571428575,0.6661765597731647,3.25,0.875,2.5,2.5,5.0,1,,,,,
Tangled_Lies_HAWAII,39,0,absent,0,760,5,3.1,0.22360679774997896,3.0,0.0,0.5,3.0,3.5,0,,,,,
Tangled_Lies_HAWAII,40,2,strong,1,1490,16,3.15625,0.4366062299143245,3.0,0.0,1.5,2.5,4.0,0,,,,,
Tangled_Lies_HAWAII,41,0,absent,0,164,0,,,,,,,,0,,,,,
Tangled_Lies_HAWAII,42,0,absent,0,765,5,3.2,0.4472135954999579,3.0,0.0,1.0,3.0,4.0,2,4.0,0.0,4.0,0.0,0.0
Tangled_Lies_HAWAII,43,0,absent,0,109,1,,,,,,,,0,,,,,
Tangled_Lies_HAWAII,44,0,absent,0,678,5,3.0,0.0,3.0,0.0,0.0,3.0,3.0,1,,,,,
Tangled_Lies_HAWAII,45,2,strong,1,774,7,2.7857142857142856,0.39339789623472154,3.0,0.25,1.0,2.0,3.0,2,3.5,0.7071067811865476,3.5,0.5,1.0
Tangled_Lies_HAWAII,46,0,absent,0,358,3,3.5666666666666664,0.40414518843273795,3.5,0.3999999999999999,0.7999999999999998,3.2,4.0,3,4.0,0.0,4.0,0.0,0.0
Tangled_Lies_HAWAII,47,1,weak,1,662,11,2.227272727272727,1.1481209945740989,2.5,1.75,3.0,1.0,4.0,4,4.625,0.75,5.0,0.375,1.5
Tangled_Lies_HAWAII,48,1,weak,1,245,0,,,,,,,,2,2.0,2.8284271247461903,2.0,2.0,4.0
Tangled_Lies_HAWAII,49,2,strong,1,1221,15,2.966666666666667,0.789816132912923,3.0,0.5,3.0,1.0,4.0,0,,,,,
Tangled_Lies_HAWAII,50,1,weak,1,1263,17,2.8529411764705883,0.523351754390419,3.0,0.0,2.5,1.0,3.5,0,,,,,
Tangled_Lies_HAWAII,51,0,absent,0,797,7,2.9285714285714284,0.4498677054212186,3.0,0.0,1.5,2.0,3.5,3,2.3333333333333335,1.2583057392117916,2.5,1.25,2.5
Tangled_Lies_HAWAII,52,1,weak,1,1338,3,3.0,0.0,3.0,0.0,0.0,3.0,3.0,4,3.625,1.25,3.75,1.125,3.0
Tangled_Lies_HAWAII,53,1,weak,1,310,0,,,,,,,,3,2.1666666666666665,1.4433756729740643,3.0,1.25,2.5
Tangled_Lies_HAWAII,54,1,weak,1,295,0,,,,,,,,0,,,,,
Tangled_Lies_HAWAII,55,1,weak,1,2485,15,3.066666666666667,0.4952152009360125,3.0,0.0,2.0,2.0,4.0,1,,,,,
Tangled_Lies_HAWAII,56,0,absent,0,1290,0,,,,,,,,1,,,,,
Tangled_Lies_HAWAII,57,0,absent,0,1217,9,3.0555555555555554,0.39086797998528583,3.0,0.0,1.5,2.5,4.0,2,3.0,1.4142135623730951,3.0,1.0,2.0
Tangled_Lies_HAWAII,58,1,weak,1,943,0,,,,,,,,1,,,,,
Tangled_Lies_HAWAII,59,1,weak,1,1221,14,2.9642857142857144,0.4143709650823724,3.0,0.0,2.0,2.0,4.0,4,3.0,0.816496580927726,3.0,0.5,2.0
Tangled_Lies_HAWAII,60,1,weak,1,547,0,,,,,,,,3,2.6666666666666665,1.5275252316519468,3.0,1.5,3.0
Tangled_Lies_HAWAII,61,2,strong,1,485,0,,,,,,,,0,,,,,
Tangled_Lies_HAWAII,62,2,strong,1,971,9,2.7777777777777777,0.4409585518440984,3.0,0.0,1.0,2.0,3.0,0,,,,,
Tangled_Lies_HAWAII,63,2,strong,1,1313,7,3.2857142857142856,1.1126972805283737,3.0,1.5,3.0,2.0,5.0,0,,,,,
Tangled_Lies_HAWAII,64,2,strong,1,2020,12,2.5833333333333335,0.90033663737852,3.0,1.0,3.0,1.0,4.0,2,2.25,1.0606601717798212,2.25,0.75,1.5
Tangled_Lies_HAWAII,65,1,weak,1,711,0,,,,,,,,0,,,,,
Tangled_Lies_HAWAII,66,0,absent,0,1146,9,3.0,0.8660254037844386,3.0,0.0,3.0,1.0,4.0,0,,,,,
Tangled_Lies_HAWAII,67,0,absent,0,951,11,3.1363636363636362,0.45226701686664544,3.0,0.0,1.5,2.5,4.0,0,,,,,
Tangled_Lies_HAWAII,68,1,weak,1,463,0,,,,,,,,0,,,,,
Tangled_Lies_HAWAII,69,0,absent,0,1311,17,2.9,0.4949747468305833,3.0,0.0,2.3,1.0,3.3,1,,,,,
Tangled_Lies_HAWAII,70,1,weak,1,269,0,,,,,,,,1,,,,,
Tangled_Lies_HAWAII,71,1,weak,1,524,5,2.9,0.22360679774997894,3.0,0.0,0.5,2.5,3.0,1,,,,,
Tangled_Lies_HAWAII,72,0,absent,0,137,3,3.0,1.7320508075688772,4.0,1.5,3.0,1.0,4.0,1,,,,,
Tangled_Lies_HAWAII,73,1,weak,1,546,1,,,,,,,,0,,,,,
Tangled_Lies_HAWAII,74,1,weak,1,182,3,2.6666666666666665,1.1547005383792515,2.0,1.0,2.0,2.0,4.0,1,,,,,
Tangled_Lies_HAWAII,75,1,weak,1,572,6,3.0833333333333335,0.4915960401250875,3.0,0.0,1.5,2.5,4.0,1,,,,,
Tangled_Lies_HAWAII,76,2,strong,1,593,3,3.0,0.0,3.0,0.0,0.0,3.0,3.0,0,,,,,
Tangled_Lies_HAWAII,77,1,weak,1,500,0,,,,,,,,0,,,,,
Tangled_Lies_HAWAII,78,1,weak,1,214,1,,,,,,,,2,3.5,0.7071067811865476,3.5,0.5,1.0
Tangled_Lies_HAWAII,79,1,weak,1,235,1,,,,,,,,0,,,,,
Tangled_Lies_HAWAII,80,2,strong,1,441,5,3.0,0.7071067811865476,3.0,0.0,2.0,2.0,4.0,1,,,,,
Tangled_Lies_HAWAII,81,2,strong,1,1017,4,2.875,0.8539125638299665,2.75,0.875,2.0,2.0,4.0,0,,,,,
Tangled_Lies_HAWAII,82,2,strong,1,543,2,3.0,1.4142135623730951,3.0,1.0,2.0,2.0,4.0,1,,,,,
Tangled_Lies_HAWAII,83,1,weak,1,404,0,,,,,,,,0,,,,,
Tangled_Lies_HAWAII,84,0,absent,0,937,10,3.05,0.4972144630058766,3.0,0.0,2.0,2.0,4.0,0,,,,,
Tangled_Lies_HAWAII,85,0,absent,0,647,3,3.8333333333333335,0.2886751345948129,4.0,0.25,0.5,3.5,4.0,0,,,,,
Tangled_Lies_HAWAII,86,0,absent,0,94,1,,,,,,,,1,,,,,
Tangled_Lies_HAWAII,87,0,absent,0,699,7,2.5,1.118033988749895,3.0,0.25,3.0,0.0,3.0,0,,,,,
Tangled_Lies_HAWAII,88,2,strong,1,424,5,2.7,0.4472135954999579,3.0,0.5,1.0,2.0,3.0,0,,,,,
Tangled_Lies_HAWAII,89,2,strong,1,913,11,3.063636363636364,0.49451537341669627,3.0,0.0,2.0,2.0,4.0,0,,,,,
Too_Near_the_Fire_OHIO,1,0,absent,0,1307,18,2.5,1.2366938848016846,3.0,1.125,4.0,0.0,4.0,3,2.6666666666666665,1.5275252316519465,3.0,1.5,3.0
Too_Near_the_Fire_OHIO,2,0,absent,0,3324,43,3.0813953488372094,0.2657028540390906,3.0,0.0,1.5,2.5,4.0,3,2.433333333333333,2.1361959960016152,3.3,2.0,4.0
Too_Near_the_Fire_OHIO,3,0,absent,0,859,16,2.75,0.9128709291752769,3.0,0.5,4.0,0.0,4.0,1,,,,,
Too_Near_the_Fire_OHIO,4,1,weak,1,362,3,2.3333333333333335,0.7637626158259733,2.5,0.75,1.5,1.5,3.0,1,,,,,
Too_Near_the_Fire_OHIO,5,1,weak,1,2562,42,2.9285714285714284,0.9472130402153504,3.0,1.375,4.0,0.0,4.0,10,3.4299999999999997,0.7986794656737388,3.65,1.0,2.5
Too_Near_the_Fire_OHIO,6,1,weak,1,723,12,2.875,0.6440285143320343,3.0,0.125,2.5,1.5,4.0,0,,,,,
Too_Near_the_Fire_OHIO,7,1,weak,1,1023,23,2.891304347826087,0.542647586525597,3.0,0.0,3.0,1.0,4.0,0,,,,,
Too_Near_the_Fire_OHIO,8,1,weak,1,623,9,2.6666666666666665,0.7071067811865476,3.0,0.0,2.0,1.0,3.0,3,2.6666666666666665,2.3094010767585034,4.0,2.0,4.0
Too_Near_the_Fire_OHIO,9,1,weak,1,1554,23,3.0652173913043477,0.3785242824589556,3.0,0.0,1.5,2.5,4.0,2,4.0,0.0,4.0,0.0,0.0
Too_Near_the_Fire_OHIO,10,2,strong,1,2342,52,2.826923076923077,0.6922867434403811,3.0,0.5,3.0,1.0,4.0,2,2.75,0.3535533905932738,2.75,0.25,0.5
Too_Near_the_Fire_OHIO,11,1,weak,1,2966,52,2.855769230769231,0.7298706470242737,3.0,0.0,4.0,0.0,4.0,3,3.0,0.0,3.0,0.0,0.0
Too_Near_the_Fire_OHIO,12,1,weak,1,1169,18,2.888888888888889,0.8498365855987974,3.0,0.0,4.0,0.0,4.0,0,,,,,
Too_Near_the_Fire_OHIO,13,0,absent,0,576,7,3.2857142857142856,0.39339789623472154,3.0,0.5,1.0,3.0,4.0,1,,,,,
Too_Near_the_Fire_OHIO,14,1,weak,1,290,6,3.0,0.31622776601683794,3.0,0.0,1.0,2.5,3.5,0,,,,,
Too_Near_the_Fire_OHIO,15,1,weak,1,1515,25,2.84,0.7176350047203662,3.0,0.5,2.5,1.5,4.0,2,3.5,0.7071067811865476,3.5,0.5,1.0
Too_Near_the_Fire_OHIO,16,2,strong,1,1979,41,2.6707317073170733,0.6947099763350979,3.0,0.5,3.0,1.0,4.0,1,,,,,
Too_Near_the_Fire_OHIO,17,1,weak,1,196,1,,,,,,,,0,,,,,
Too_Near_the_Fire_OHIO,18,1,weak,1,2244,47,2.8191489361702127,0.6462730267943163,3.0,0.25,4.0,0.0,4.0,1,,,,,
Too_Near_the_Fire_OHIO,19,1,weak,1,684,12,3.3333333333333335,0.5365433699886598,3.5,0.625,1.5,2.5,4.0,2,3.65,0.4949747468305834,3.65,0.35000000000000053,0.7000000000000002
Too_Near_the_Fire_OHIO,20,2,strong,1,1174,28,2.607142857142857,0.864496672841774,2.5,0.625,4.0,0.0,4.0,0,,,,,
Too_Near_the_Fire_OHIO,21,1,weak,1,791,23,2.8782608695652177,0.49996047274589656,3.0,0.1499999999999999,2.0,2.0,4.0,1,,,,,
Too_Near_the_Fire_OHIO,22,2,strong,1,942,12,2.125,1.2454462508018416,2.0,1.75,4.0,0.0,4.0,1,,,,,
Too_Near_the_Fire_OHIO,23,1,weak,1,409,11,3.1363636363636362,0.9244162777371754,3.0,1.25,3.0,1.0,4.0,4,2.875,0.8539125638299665,2.75,0.875,2.0
Too_Near_the_Fire_OHIO,24,0,absent,0,1028,29,3.0344827586206895,0.4805323402740559,3.0,0.0,2.0,2.0,4.0,1,,,,,
Too_Near_the_Fire_OHIO,25,1,weak,1,462,6,3.4166666666666665,0.4915960401250875,3.5,0.0,1.5,2.5,4.0,5,4.1,0.22360679774997896,4.0,0.0,0.5
Too_Near_the_Fire_OHIO,26,1,weak,1,1014,20,3.375,0.758721223333605,3.5,1.0,2.5,1.5,4.0,11,3.590909090909091,0.7354652207338501,4.0,1.0,2.5
Too_Near_the_Fire_OHIO,27,1,weak,1,367,10,2.75,0.8897565210026093,2.75,1.375,2.5,1.5,4.0,5,4.2,0.2738612787525831,4.0,0.5,0.5
Too_Near_the_Fire_OHIO,28,1,weak,1,827,19,3.0,0.9128709291752769,3.0,1.0,3.0,1.0,4.0,1,,,,,
Too_Near_the_Fire_OHIO,29,1,weak,1,203,5,3.2,0.4472135954999579,3.0,0.0,1.0,3.0,4.0,0,,,,,
Too_Near_the_Fire_OHIO,30,1,weak,1,593,12,3.0416666666666665,0.33427896171076077,3.0,0.125,1.0,2.5,3.5,1,,,,,
Too_Near_the_Fire_OHIO,31,1,weak,1,928,26,2.5961538461538463,0.9901437347095701,3.0,0.875,4.0,0.0,4.0,1,,,,,
Too_Near_the_Fire_OHIO,32,2,strong,1,2287,33,2.787878787878788,0.800686258685938,3.0,1.0,3.0,1.0,4.0,3,3.6666666666666665,0.5773502691896258,4.0,0.5,1.0
Too_Near_the_Fire_OHIO,33,1,weak,1,675,16,2.9375,0.7932002689527196,3.0,0.25,3.0,1.0,4.0,3,3.8333333333333335,0.2886751345948129,4.0,0.25,0.5
Too_Near_the_Fire_OHIO,34,1,weak,1,955,18,2.8444444444444446,0.6372941164404966,3.0,0.4500000000000002,3.0,1.0,4.0,1,,,,,
Too_Near_the_Fire_OHIO,35,1,weak,1,1259,28,2.7857142857142856,0.7506610843064022,3.0,0.5,3.0,1.0,4.0,4,3.0,2.1213203435596424,3.75,2.25,4.5
Too_Near_the_Fire_OHIO,36,2,strong,1,383,4,3.875,0.25,4.0,0.125,0.5,3.5,4.0,2,4.0,0.0,4.0,0.0,0.0
Too_Near_the_Fire_OHIO,37,0,absent,0,980,12,2.6666666666666665,0.9613752775282003,3.0,0.5,4.0,0.0,4.0,1,,,,,
Too_Near_the_Fire_OHIO,38,1,weak,1,387,6,2.9166666666666665,0.7359800721939873,2.75,0.875,2.0,2.0,4.0,0,,,,,
Too_Near_the_Fire_OHIO,39,2,strong,1,854,17,2.764705882352941,0.7097016771772737,3.0,0.5,3.0,1.0,4.0,2,3.25,1.0606601717798212,3.25,0.75,1.5
Too_Near_the_Fire_OHIO,40,1,weak,1,290,0,,,,,,,,0,,,,,
Warriors_Embrace_MISSISSIPPI,1,0,absent,0,298,4,3.5,0.5773502691896257,3.5,1.0,1.0,3.0,4.0,0,,,,,
Warriors_Embrace_MISSISSIPPI,2,0,absent,0,103,2,3.0,0.0,3.0,0.0,0.0,3.0,3.0,1,,,,,
Warriors_Embrace_MISSISSIPPI,3,0,absent,0,369,1,,,,,,,,0,,,,,
Warriors_Embrace_MISSISSIPPI,4,0,absent,0,475,6,3.1666666666666665,0.40824829046386296,3.0,0.0,1.0,3.0,4.0,0,,,,,
Warriors_Embrace_MISSISSIPPI,5,0,absent,0,544,9,3.2222222222222223,0.4409585518440984,3.0,0.0,1.0,3.0,4.0,0,,,,,
Warriors_Embrace_MISSISSIPPI,6,0,absent,0,194,2,3.0,0.0,3.0,0.0,0.0,3.0,3.0,0,,,,,
Warriors_Embrace_MISSISSIPPI,7,1,weak,1,301,5,3.0,0.0,3.0,0.0,0.0,3.0,3.0,0,,,,,
Warriors_Embrace_MISSISSIPPI,8,0,absent,0,272,1,,,,,,,,1,,,,,
Warriors_Embrace_MISSISSIPPI,9,0,absent,0,348,2,3.5,0.7071067811865476,3.5,0.5,1.0,3.0,4.0,1,,,,,
Warriors_Embrace_MISSISSIPPI,10,0,absent,0,292,1,,,,,,,,0,,,,,
Warriors_Embrace_MISSISSIPPI,11,0,absent,0,186,3,3.3333333333333335,0.5773502691896258,3.0,0.5,1.0,3.0,4.0,0,,,,,
Warriors_Embrace_MISSISSIPPI,12,0,absent,0,257,0,,,,,,,,0,,,,,
Warriors_Embrace_MISSISSIPPI,13,0,absent,0,1844,17,3.235294117647059,0.43723731609760313,3.0,0.0,1.0,3.0,4.0,14,3.857142857142857,0.5345224838248488,4.0,0.375,2.5
Warriors_Embrace_MISSISSIPPI,14,1,weak,1,294,0,,,,,,,,1,,,,,
Warriors_Embrace_MISSISSIPPI,15,1,weak,1,1272,14,3.0714285714285716,0.7300459115473716,3.0,0.0,3.0,1.0,4.0,1,,,,,
Warriors_Embrace_MISSISSIPPI,16,1,weak,1,432,3,3.5,0.5,3.5,0.5,1.0,3.0,4.0,0,,,,,
Warriors_Embrace_MISSISSIPPI,17,1,weak,1,473,4,3.25,0.5,3.0,0.25,1.0,3.0,4.0,0,,,,,
Warriors_Embrace_MISSISSIPPI,18,1,weak,1,331,2,3.0,0.0,3.0,0.0,0.0,3.0,3.0,0,,,,,
Warriors_Embrace_MISSISSIPPI,19,1,weak,1,276,4,3.0,0.816496580927726,3.0,0.5,2.0,2.0,4.0,1,,,,,
Warriors_Embrace_MISSISSIPPI,20,0,absent,0,362,6,2.8333333333333335,0.40824829046386296,3.0,0.0,1.0,2.0,3.0,0,,,,,
Warriors_Embrace_MISSISSIPPI,21,1,weak,1,1360,14,2.9642857142857144,0.6344072252682242,3.0,0.0,3.0,1.0,4.0,3,3.6666666666666665,0.5773502691896258,4.0,0.5,1.0
Warriors_Embrace_MISSISSIPPI,22,0,absent,0,153,0,,,,,,,,0,,,,,
Warriors_Embrace_MISSISSIPPI,23,0,absent,0,312,8,3.625,0.5175491695067657,4.0,1.0,1.0,3.0,4.0,0,,,,,
Warriors_Embrace_MISSISSIPPI,24,0,absent,0,303,3,3.3333333333333335,0.5773502691896258,3.0,0.5,1.0,3.0,4.0,0,,,,,
Warriors_Embrace_MISSISSIPPI,25,0,absent,0,311,0,,,,,,,,0,,,,,
Warriors_Embrace_MISSISSIPPI,26,1,weak,1,331,4,2.875,0.25,3.0,0.125,0.5,2.5,3.0,5,3.7,0.6708203932499369,4.0,0.0,1.5
Warriors_Embrace_MISSISSIPPI,27,0,absent,0,410,2,3.0,0.0,3.0,0.0,0.0,3.0,3.0,3,4.166666666666667,0.28867513459481287,4.0,0.25,0.5
Warriors_Embrace_MISSISSIPPI,28,2,strong,1,1155,11,2.772727272727273,1.169693044427391,3.0,1.25,4.0,0.0,4.0,1,,,,,
Warriors_Embrace_MISSISSIPPI,29,1,weak,1,360,3,2.8333333333333335,0.2886751345948129,3.0,0.25,0.5,2.5,3.0,1,,,,,
Warriors_Embrace_MISSISSIPPI,30,1,weak,1,99,2,3.0,0.0,3.0,0.0,0.0,3.0,3.0,0,,,,,
Warriors_Embrace_MISSISSIPPI,31,0,absent,0,294,1,,,,,,,,0,,,,,
Warriors_Embrace_MISSISSIPPI,32,0,absent,0,264,2,3.5,0.7071067811865476,3.5,0.5,1.0,3.0,4.0,0,,,,,
Warriors_Embrace_MISSISSIPPI,33,1,weak,1,510,3,3.0,0.0,3.0,0.0,0.0,3.0,3.0,0,,,,,
Warriors_Embrace_MISSISSIPPI,34,1,weak,1,927,4,3.0,0.0,3.0,0.0,0.0,3.0,3.0,1,,,,,
Warriors_Embrace_MISSISSIPPI,35,1,weak,1,1140,11,3.1363636363636362,0.8393720596645176,3.0,0.75,3.0,1.0,4.0,1,,,,,
Warriors_Embrace_MISSISSIPPI,36,1,weak,1,1060,11,3.090909090909091,0.30151134457776363,3.0,0.0,1.0,3.0,4.0,4,3.0,1.4142135623730951,3.5,1.5,3.0
Warriors_Embrace_MISSISSIPPI,37,0,absent,0,160,2,3.0,0.0,3.0,0.0,0.0,3.0,3.0,0,,,,,
Warriors_Embrace_MISSISSIPPI,38,1,weak,1,935,14,2.75,0.6430097498961725,3.0,1.0,2.0,2.0,4.0,1,,,,,
Warriors_Embrace_MISSISSIPPI,39,2,strong,1,33,0,,,,,,,,0,,,,,
Warriors_Embrace_MISSISSIPPI,40,1,weak,1,344,2,3.0,0.0,3.0,0.0,0.0,3.0,3.0,0,,,,,
Warriors_Embrace_MISSISSIPPI,41,2,strong,1,765,8,3.0,0.5345224838248488,3.0,0.0,2.0,2.0,4.0,0,,,,,
Warriors_Embrace_MISSISSIPPI,42,0,absent,0,268,1,,,,,,,,0,,,,,
Warriors_Embrace_MISSISSIPPI,43,1,weak,1,269,1,,,,,,,,0,,,,,
Warriors_Embrace_MISSISSIPPI,44,1,weak,1,770,6,3.3333333333333335,0.5163977794943222,3.0,0.75,1.0,3.0,4.0,0,,,,,
Warriors_Embrace_MISSISSIPPI,45,0,absent,0,67,1,,,,,,,,0,,,,,
Warriors_Embrace_MISSISSIPPI,46,2,strong,1,288,0,,,,,,,,0,,,,,
Warriors_Embrace_MISSISSIPPI,47,0,absent,0,191,1,,,,,,,,1,,,,,
Warriors_Embrace_MISSISSIPPI,48,1,weak,1,302,6,3.3333333333333335,0.5163977794943222,3.0,0.75,1.0,3.0,4.0,0,,,,,
Warriors_Embrace_MISSISSIPPI,49,0,absent,0,59,0,,,,,,,,0,,,,,
Warriors_Embrace_MISSISSIPPI,50,0,absent,0,707,12,3.1666666666666665,0.38924947208076144,3.0,0.0,1.0,3.0,4.0,0,,,,,
Warriors_Embrace_MISSISSIPPI,51,0,absent,0,180,2,3.5,0.7071067811865476,3.5,0.5,1.0,3.0,4.0,0,,,,,
Warriors_Embrace_MISSISSIPPI,52,0,absent,0,280,3,3.6666666666666665,0.5773502691896258,4.0,0.5,1.0,3.0,4.0,0,,,,,
Warriors_Embrace_MISSISSIPPI,53,0,absent,0,292,1,,,,,,,,0,,,,,
Warriors_Embrace_MISSISSIPPI,54,0,absent,0,276,4,3.25,0.5,3.0,0.25,1.0,3.0,4.0,1,,,,,
Warriors_Embrace_MISSISSIPPI,55,1,weak,1,468,3,3.0,0.0,3.0,0.0,0.0,3.0,3.0,1,,,,,
Warriors_Embrace_MISSISSIPPI,56,2,strong,1,382,5,2.2,0.5700877125495689,2.0,0.5,1.5,1.5,3.0,0,,,,,
Warriors_Embrace_MISSISSIPPI,57,0,absent,0,26,0,,,,,,,,0,,,,,
Warriors_Embrace_MISSISSIPPI,58,0,absent,0,1548,13,2.923076923076923,0.6405126152203485,3.0,0.0,2.0,2.0,4.0,6,3.3333333333333335,0.5163977794943222,3.0,0.75,1.0
Warriors_Embrace_MISSISSIPPI,59,1,weak,1,1329,7,3.2857142857142856,0.4879500364742666,3.0,0.5,1.0,3.0,4.0,4,2.875,0.25,3.0,0.125,0.5
Warriors_Embrace_MISSISSIPPI,60,0,absent,0,247,2,3.0,0.0,3.0,0.0,0.0,3.0,3.0,0,,,,,
Warriors_Embrace_MISSISSIPPI,61,1,weak,1,268,1,,,,,,,,1,,,,,
Warriors_Embrace_MISSISSIPPI,62,1,weak,1,234,3,3.3333333333333335,0.5773502691896258,3.0,0.5,1.0,3.0,4.0,1,,,,,
Warriors_Embrace_MISSISSIPPI,63,1,weak,1,331,6,3.1666666666666665,0.40824829046386296,3.0,0.0,1.0,3.0,4.0,1,,,,,
Warriors_Embrace_MISSISSIPPI,64,1,weak,1,234,4,3.25,0.5,3.0,0.25,1.0,3.0,4.0,1,,,,,
Warriors_Embrace_MISSISSIPPI,65,0,absent,0,250,1,,,,,,,,2,4.0,0.0,4.0,0.0,0.0
Warriors_Embrace_MISSISSIPPI,66,0,absent,0,50,1,,,,,,,,0,,,,,
Warriors_Embrace_MISSISSIPPI,67,0,absent,0,297,3,3.3333333333333335,0.5773502691896258,3.0,0.5,1.0,3.0,4.0,0,,,,,
Warriors_Embrace_MISSISSIPPI,68,1,weak,1,514,5,2.9,0.7416198487095663,3.0,0.5,2.0,2.0,4.0,0,,,,,
Warriors_Embrace_MISSISSIPPI,69,0,absent,0,134,0,,,,,,,,0,,,,,
Warriors_Embrace_MISSISSIPPI,70,1,weak,1,763,3,3.0,0.0,3.0,0.0,0.0,3.0,3.0,0,,,,,
Warriors_Embrace_MISSISSIPPI,71,1,weak,1,239,5,3.8,0.4472135954999579,4.0,0.0,1.0,3.0,4.0,0,,,,,
Warriors_Embrace_MISSISSIPPI,72,0,absent,0,75,2,3.0,0.0,3.0,0.0,0.0,3.0,3.0,0,,,,,
Warriors_Embrace_MISSISSIPPI,73,1,weak,1,505,2,2.75,0.3535533905932738,2.75,0.25,0.5,2.5,3.0,0,,,,,
Warriors_Embrace_MISSISSIPPI,74,0,absent,0,98,0,,,,,,,,3,3.1666666666666665,0.7637626158259733,3.0,0.75,1.5
Warriors_Embrace_MISSISSIPPI,75,1,weak,1,536,2,3.0,0.0,3.0,0.0,0.0,3.0,3.0,0,,,,,
Warriors_Embrace_MISSISSIPPI,76,1,weak,1,152,2,3.0,0.0,3.0,0.0,0.0,3.0,3.0,0,,,,,
Warriors_Embrace_MISSISSIPPI,77,0,absent,0,512,4,3.0,0.0,3.0,0.0,0.0,3.0,3.0,2,3.0,1.4142135623730951,3.0,1.0,2.0
Warriors_Embrace_MISSISSIPPI,78,0,absent,0,106,0,,,,,,,,0,,,,,
Warriors_Embrace_MISSISSIPPI,79,1,weak,1,531,3,3.0,0.0,3.0,0.0,0.0,3.0,3.0,1,,,,,
Warriors_Embrace_MISSISSIPPI,80,0,absent,0,158,0,,,,,,,,0,,,,,
Warriors_Embrace_MISSISSIPPI,81,1,weak,1,1609,15,3.033333333333333,0.39940431835899015,3.0,0.0,2.0,2.0,4.0,1,,,,,
Warriors_Embrace_MISSISSIPPI,82,0,absent,0,28,0,,,,,,,,0,,,,,
Warriors_Embrace_MISSISSIPPI,83,1,weak,1,274,3,3.0,0.0,3.0,0.0,0.0,3.0,3.0,1,,,,,
Warriors_Embrace_MISSISSIPPI,84,1,weak,1,491,8,3.25,0.4629100498862757,3.0,0.25,1.0,3.0,4.0,1,,,,,
Warriors_Embrace_MISSISSIPPI,85,0,absent,0,1111,13,3.076923076923077,0.4935481167928245,3.0,0.0,2.0,2.0,4.0,1,,,,,
Warriors_Embrace_MISSISSIPPI,86,0,absent,0,151,1,,,,,,,,1,,,,,
Warriors_Embrace_MISSISSIPPI,87,0,absent,0,272,1,,,,,,,,0,,,,,
Warriors_Embrace_MISSISSIPPI,88,1,weak,1,996,4,3.0,0.0,3.0,0.0,0.0,3.0,3.0,0,,,,,
Warriors_Embrace_MISSISSIPPI,89,2,strong,1,897,10,2.9,0.7378647873726218,3.0,0.0,3.0,1.0,4.0,0,,,,,
Warriors_Embrace_MISSISSIPPI,90,1,weak,1,2401,21,3.0476190476190474,0.4718252299517774,3.0,0.0,2.0,2.0,4.0,2,4.0,0.0,4.0,0.0,0.0
Warriors_Embrace_MISSISSIPPI,91,2,strong,1,198,3,3.0,1.0,3.0,1.0,2.0,2.0,4.0,0,,,,,
Warriors_Embrace_MISSISSIPPI,92,1,weak,1,609,1,,,,,,,,1,,,,,
Warriors_Embrace_MISSISSIPPI,93,1,weak,1,768,4,3.25,0.5,3.0,0.25,1.0,3.0,4.0,0,,,,,
Warriors_Embrace_MISSISSIPPI,94,1,weak,1,1511,16,3.125,0.3415650255319866,3.0,0.0,1.0,3.0,4.0,6,4.0,0.0,4.0,0.0,0.0
Warriors_Embrace_MISSISSIPPI,95,1,weak,1,1362,13,3.1538461538461537,0.37553380809940534,3.0,0.0,1.0,3.0,4.0,2,4.0,1.4142135623730951,4.0,1.0,2.0
Warriors_Embrace_MISSISSIPPI,96,1,weak,1,755,12,2.9166666666666665,0.28867513459481287,3.0,0.0,1.0,2.0,3.0,3,3.6666666666666665,0.5773502691896258,4.0,0.5,1.0
Warriors_Embrace_MISSISSIPPI,97,0,absent,0,475,6,2.6666666666666665,1.0327955589886446,3.0,0.75,3.0,1.0,4.0,0,,,,,
Warriors_Embrace_MISSISSIPPI,98,0,absent,0,1257,21,2.7857142857142856,0.6436503043467892,3.0,0.0,3.0,1.0,4.0,8,4.0,0.5345224838248488,4.0,0.0,2.0
Warriors_Embrace_MISSISSIPPI,99,0,absent,0,223,5,3.2,0.44721359549995787,3.0,0.0,1.0,3.0,4.0,1,,,,,
Warriors_Embrace_MISSISSIPPI,100,0,absent,0,300,9,3.111111111111111,0.6009252125773316,3.0,0.0,2.0,2.0,4.0,0,,,,,
Warriors_Embrace_MISSISSIPPI,101,1,weak,1,107,0,,,,,,,,1,,,,,
Warriors_Embrace_MISSISSIPPI,102,1,weak,1,467,0,,,,,,,,0,,,,,
Warriors_Embrace_MISSISSIPPI,103,1,weak,1,402,2,3.0,0.0,3.0,0.0,0.0,3.0,3.0,1,,,,,
Warriors_Embrace_MISSISSIPPI,104,2,strong,1,412,3,3.6666666666666665,0.5773502691896258,4.0,0.5,1.0,3.0,4.0,1,,,,,
Warriors_Embrace_MISSISSIPPI,105,0,absent,0,448,3,3.6666666666666665,0.5773502691896258,4.0,0.5,1.0,3.0,4.0,0,,,,,
Warriors_Embrace_MISSISSIPPI,106,2,strong,1,462,4,2.875,0.8539125638299665,2.75,0.875,2.0,2.0,4.0,1,,,,,
Warriors_Embrace_MISSISSIPPI,107,1,weak,1,174,0,,,,,,,,1,,,,,
Warriors_Embrace_MISSISSIPPI,108,0,absent,0,797,9,3.2222222222222223,0.4409585518440984,3.0,0.0,1.0,3.0,4.0,0,,,,,
Warriors_Embrace_MISSISSIPPI,109,1,weak,1,245,2,3.0,0.0,3.0,0.0,0.0,3.0,3.0,0,,,,,
Warriors_Embrace_MISSISSIPPI,110,1,weak,1,684,9,3.2222222222222223,0.4409585518440984,3.0,0.0,1.0,3.0,4.0,3,2.6666666666666665,1.5275252316519465,3.0,1.5,3.0
Warriors_Embrace_MISSISSIPPI,111,1,weak,1,256,5,3.2,0.4472135954999579,3.0,0.0,1.0,3.0,4.0,1,,,,,
Warriors_Embrace_MISSISSIPPI,112,1,weak,1,308,5,3.0,0.0,3.0,0.0,0.0,3.0,3.0,0,,,,,
Warriors_Embrace_MISSISSIPPI,113,1,weak,1,437,12,3.0,0.4264014327112209,3.0,0.0,2.0,2.0,4.0,1,,,,,
Warriors_Embrace_MISSISSIPPI,114,1,weak,1,1211,7,3.142857142857143,0.37796447300922725,3.0,0.0,1.0,3.0,4.0,0,,,,,
Warriors_Embrace_MISSISSIPPI,115,1,weak,1,78,1,,,,,,,,0,,,,,
Warriors_Embrace_MISSISSIPPI,116,2,strong,1,591,4,2.75,0.9574271077563381,2.5,1.25,2.0,2.0,4.0,0,,,,,
Warriors_Embrace_MISSISSIPPI,117,1,weak,1,270,0,,,,,,,,0,,,,,
Warriors_Embrace_MISSISSIPPI,118,1,weak,1,265,4,3.0,0.0,3.0,0.0,0.0,3.0,3.0,1,,,,,
Warriors_Embrace_MISSISSIPPI,119,1,weak,1,128,2,3.0,0.0,3.0,0.0,0.0,3.0,3.0,0,,,,,
Warriors_Embrace_MISSISSIPPI,120,0,absent,0,767,4,3.0,0.0,3.0,0.0,0.0,3.0,3.0,2,3.0,0.0,3.0,0.0,0.0
Warriors_Embrace_MISSISSIPPI,121,1,weak,1,374,3,3.3333333333333335,0.5773502691896258,3.0,0.5,1.0,3.0,4.0,5,4.2,0.44721359549995787,4.0,0.0,1.0
